-- phpMyAdmin SQL Dump
-- version 5.2.0
-- https://www.phpmyadmin.net/
--
-- Host: localhost
-- Generation Time: Oct 09, 2023 at 03:11 PM
-- Server version: 5.7.33
-- PHP Version: 7.4.19

SET SQL_MODE = "NO_AUTO_VALUE_ON_ZERO";
START TRANSACTION;
SET time_zone = "+00:00";


/*!40101 SET @OLD_CHARACTER_SET_CLIENT=@@CHARACTER_SET_CLIENT */;
/*!40101 SET @OLD_CHARACTER_SET_RESULTS=@@CHARACTER_SET_RESULTS */;
/*!40101 SET @OLD_COLLATION_CONNECTION=@@COLLATION_CONNECTION */;
/*!40101 SET NAMES utf8mb4 */;

--
-- Database: `db_exam`
--

-- --------------------------------------------------------

--
-- Table structure for table `ci_sessions`
--

CREATE TABLE `ci_sessions` (
  `id` varchar(128) NOT NULL,
  `ip_address` varchar(45) NOT NULL,
  `timestamp` int(10) UNSIGNED NOT NULL DEFAULT '0',
  `data` blob NOT NULL
) ENGINE=InnoDB DEFAULT CHARSET=latin1;

--
-- Dumping data for table `ci_sessions`
--

INSERT INTO `ci_sessions` (`id`, `ip_address`, `timestamp`, `data`) VALUES
('e99570753e65405db4372e572c83031be020dbb7', '182.0.139.37', 1695093076, 0x5f5f63695f6c6173745f726567656e65726174657c693a313639353039323937363b69645f757365727c733a313a2233223b6e616d657c733a31313a2253757065722041646d696e223b656d61696c7c733a31353a2273757065724061646d696e2e636f6d223b757365726e616d657c733a31303a22737570657261646d696e223b70686f6e657c733a31323a22303835333133353232303334223b70686f746f7c733a32393a22737570657261646d696e2d32303231303731363135353034392e6a7067223b75736572747970655f69647c733a313a2231223b),
('8340aa5f6846799d9540a21fe20ea5fcff6bf50d', '110.138.1.150', 1695099676, 0x5f5f63695f6c6173745f726567656e65726174657c693a313639353039393637363b69645f757365727c733a323a223139223b6e616d657c733a31323a2241686d6164204661757a616e223b656d61696c7c733a31363a226661757a616e40676d61696c2e636f6d223b757365726e616d657c733a31303a2232313232393935303031223b70686f6e657c733a31323a22303833383233343137373039223b70686f746f7c733a303a22223b75736572747970655f69647c733a313a2234223b),
('4f01c7ef2f4242fde9b835ea6d8d263f513f4282', '110.138.1.150', 1695099900, 0x5f5f63695f6c6173745f726567656e65726174657c693a313639353039393731333b69645f757365727c733a323a223138223b6e616d657c733a32313a225265736d616e6920486964617961742c20532e5064223b656d61696c7c733a31373a227265736d616e6940676d61696c2e636f6d223b757365726e616d657c733a31343a223939353230323130393034303031223b70686f6e657c733a31323a22303831323938393936353337223b70686f746f7c733a303a22223b75736572747970655f69647c733a313a2233223b),
('182deaa8dc60122d9199b8373b9efc6587fa91c1', '103.148.185.34', 1695107262, 0x5f5f63695f6c6173745f726567656e65726174657c693a313639353130373236323b69645f757365727c733a313a2233223b6e616d657c733a31313a2253757065722041646d696e223b656d61696c7c733a31353a2273757065724061646d696e2e636f6d223b757365726e616d657c733a31303a22737570657261646d696e223b70686f6e657c733a31323a22303835333133353232303334223b70686f746f7c733a32393a22737570657261646d696e2d32303231303731363135353034392e6a7067223b75736572747970655f69647c733a313a2231223b),
('4100200822cc49a8f94d81a995b2bcc2a4bc2a08', '103.148.185.34', 1695107432, 0x5f5f63695f6c6173745f726567656e65726174657c693a313639353130373236323b69645f757365727c733a313a2233223b6e616d657c733a31313a2253757065722041646d696e223b656d61696c7c733a31353a2273757065724061646d696e2e636f6d223b757365726e616d657c733a31303a22737570657261646d696e223b70686f6e657c733a31323a22303835333133353232303334223b70686f746f7c733a32393a22737570657261646d696e2d32303231303731363135353034392e6a7067223b75736572747970655f69647c733a313a2231223b),
('61b76c929e537ac976c8fd02edc047617093faff', '110.138.1.150', 1695107734, 0x5f5f63695f6c6173745f726567656e65726174657c693a313639353130373733343b69645f757365727c733a323a223138223b6e616d657c733a32313a225265736d616e6920486964617961742c20532e5064223b656d61696c7c733a31373a227265736d616e6940676d61696c2e636f6d223b757365726e616d657c733a31343a223939353230323130393034303031223b70686f6e657c733a31323a22303831323938393936353337223b70686f746f7c733a303a22223b75736572747970655f69647c733a313a2233223b),
('81d5dbdb478a00c200b1f61a5bcefba32f065495', '110.138.1.150', 1695109547, 0x5f5f63695f6c6173745f726567656e65726174657c693a313639353130393534373b69645f757365727c733a323a223138223b6e616d657c733a32313a225265736d616e6920486964617961742c20532e5064223b656d61696c7c733a31373a227265736d616e6940676d61696c2e636f6d223b757365726e616d657c733a31343a223939353230323130393034303031223b70686f6e657c733a31323a22303831323938393936353337223b70686f746f7c733a303a22223b75736572747970655f69647c733a313a2233223b),
('dba0b2df4b91791799d7d139b0a0a6167c13f246', '114.142.172.39', 1695108164, 0x5f5f63695f6c6173745f726567656e65726174657c693a313639353130383136343b),
('18fd9782a435c5b1c8729859b97e7131acb1e82e', '110.138.1.150', 1695112031, 0x5f5f63695f6c6173745f726567656e65726174657c693a313639353131323033313b69645f757365727c733a323a223138223b6e616d657c733a32313a225265736d616e6920486964617961742c20532e5064223b656d61696c7c733a31373a227265736d616e6940676d61696c2e636f6d223b757365726e616d657c733a31343a223939353230323130393034303031223b70686f6e657c733a31323a22303831323938393936353337223b70686f746f7c733a303a22223b75736572747970655f69647c733a313a2233223b),
('4fa505626f40314c7acf32507a6ee0aa983e4d51', '125.161.54.28', 1695111356, 0x5f5f63695f6c6173745f726567656e65726174657c693a313639353131313335363b),
('285948b02758b31c5f1f8b776f436520f4660581', '110.138.1.150', 1695112869, 0x5f5f63695f6c6173745f726567656e65726174657c693a313639353131323836393b69645f757365727c733a323a223232223b6e616d657c733a383a224e757279616d616e223b656d61696c7c733a31383a226e757279616d616e40676d61696c2e636f6d223b757365726e616d657c733a31303a2232313232393935303032223b70686f6e657c733a31323a22303833383635343433313230223b70686f746f7c733a303a22223b75736572747970655f69647c733a313a2234223b),
('d09f595c4b7b8b7433475f208b48541686805c0c', '110.138.1.150', 1695113075, 0x5f5f63695f6c6173745f726567656e65726174657c693a313639353131323934383b69645f757365727c733a323a223138223b6e616d657c733a32313a225265736d616e6920486964617961742c20532e5064223b656d61696c7c733a31373a227265736d616e6940676d61696c2e636f6d223b757365726e616d657c733a31343a223939353230323130393034303031223b70686f6e657c733a31323a22303831323938393936353337223b70686f746f7c733a303a22223b75736572747970655f69647c733a313a2233223b),
('7c3a46f51d8a01430f8d1b4e8acf744040cf6e99', '202.80.212.0', 1695128821, 0x5f5f63695f6c6173745f726567656e65726174657c693a313639353132383738343b69645f757365727c733a313a2233223b6e616d657c733a31313a2253757065722041646d696e223b656d61696c7c733a31353a2273757065724061646d696e2e636f6d223b757365726e616d657c733a31303a22737570657261646d696e223b70686f6e657c733a31323a22303835333133353232303334223b70686f746f7c733a32393a22737570657261646d696e2d32303231303731363135353034392e6a7067223b75736572747970655f69647c733a313a2231223b),
('dcf4101ef32f2f4e7fc90c78c2799a4de99c8514', '202.80.212.0', 1695134981, 0x5f5f63695f6c6173745f726567656e65726174657c693a313639353133343938313b69645f757365727c733a313a2233223b6e616d657c733a31313a2253757065722041646d696e223b656d61696c7c733a31353a2273757065724061646d696e2e636f6d223b757365726e616d657c733a31303a22737570657261646d696e223b70686f6e657c733a31323a22303835333133353232303334223b70686f746f7c733a32393a22737570657261646d696e2d32303231303731363135353034392e6a7067223b75736572747970655f69647c733a313a2231223b),
('88014d86899ac66d24dfd2bd8bad66e00bb3b965', '175.45.186.197', 1695128869, 0x5f5f63695f6c6173745f726567656e65726174657c693a313639353132383836393b),
('b989753f8d24ac3b8f38f06d282661107a54a89c', '110.50.81.199', 1695128874, 0x5f5f63695f6c6173745f726567656e65726174657c693a313639353132383837343b),
('90961bc115836829f1031bc3b2c7ebda0747911f', '202.80.212.0', 1695133791, 0x5f5f63695f6c6173745f726567656e65726174657c693a313639353133333634333b69645f757365727c733a313a2233223b6e616d657c733a31313a2253757065722041646d696e223b656d61696c7c733a31353a2273757065724061646d696e2e636f6d223b757365726e616d657c733a31303a22737570657261646d696e223b70686f6e657c733a31323a22303835333133353232303334223b70686f746f7c733a32393a22737570657261646d696e2d32303231303731363135353034392e6a7067223b75736572747970655f69647c733a313a2231223b),
('7dbc2e1bf811a5aad38fb271738f747695753f45', '110.138.1.150', 1695133699, 0x5f5f63695f6c6173745f726567656e65726174657c693a313639353133333634363b69645f757365727c733a323a223138223b6e616d657c733a32313a225265736d616e6920486964617961742c20532e5064223b656d61696c7c733a31373a227265736d616e6940676d61696c2e636f6d223b757365726e616d657c733a31343a223939353230323130393034303031223b70686f6e657c733a31323a22303831323938393936353337223b70686f746f7c733a303a22223b75736572747970655f69647c733a313a2233223b),
('9bd18a0d836f9a295edcc4d23161f95c75e8f5a5', '202.80.212.0', 1695133804, 0x5f5f63695f6c6173745f726567656e65726174657c693a313639353133333635383b69645f757365727c733a323a223138223b6e616d657c733a32313a225265736d616e6920486964617961742c20532e5064223b656d61696c7c733a31373a227265736d616e6940676d61696c2e636f6d223b757365726e616d657c733a31343a223939353230323130393034303031223b70686f6e657c733a31323a22303831323938393936353337223b70686f746f7c733a303a22223b75736572747970655f69647c733a313a2233223b),
('d68ca261c9b0477e71c9860e10006b3017abafef', '202.80.212.0', 1695133948, 0x5f5f63695f6c6173745f726567656e65726174657c693a313639353133333833343b69645f757365727c733a323a223139223b6e616d657c733a31323a2241686d6164204661757a616e223b656d61696c7c733a31363a226661757a616e40676d61696c2e636f6d223b757365726e616d657c733a31303a2232313232393935303031223b70686f6e657c733a31323a22303833383233343137373039223b70686f746f7c733a303a22223b75736572747970655f69647c733a313a2234223b),
('bc01f9e3c5b421c83da42871313f1f9f7f4c0ba8', '202.80.212.0', 1695134981, 0x5f5f63695f6c6173745f726567656e65726174657c693a313639353133343938313b69645f757365727c733a313a2233223b6e616d657c733a31313a2253757065722041646d696e223b656d61696c7c733a31353a2273757065724061646d696e2e636f6d223b757365726e616d657c733a31303a22737570657261646d696e223b70686f6e657c733a31323a22303835333133353232303334223b70686f746f7c733a32393a22737570657261646d696e2d32303231303731363135353034392e6a7067223b75736572747970655f69647c733a313a2231223b),
('abdb1d9099eb1591c318f70221083fb150d90342', '173.252.127.16', 1695166338, 0x5f5f63695f6c6173745f726567656e65726174657c693a313639353136363333383b),
('7a6b449535586026426494fc89ca2ccc8bb268d6', '173.252.95.17', 1695166347, 0x5f5f63695f6c6173745f726567656e65726174657c693a313639353136363334373b),
('a15879b8662f32697aa5bb84f0babce7fdd5a19d', '69.171.249.6', 1695166372, 0x5f5f63695f6c6173745f726567656e65726174657c693a313639353136363337323b),
('f8b1fc019699b357d1ac6b57af60c50efecae8d5', '69.171.249.119', 1695166381, 0x5f5f63695f6c6173745f726567656e65726174657c693a313639353136363338313b),
('b8952ca1b89318df16e39728a5b244995391aeca', '103.147.77.210', 1695172689, 0x5f5f63695f6c6173745f726567656e65726174657c693a313639353137323638393b),
('79dc3c6fc280e4d59285f301753ceccac7f677a7', '110.138.1.150', 1695177633, 0x5f5f63695f6c6173745f726567656e65726174657c693a313639353137373633333b69645f757365727c733a313a2233223b6e616d657c733a31313a2253757065722041646d696e223b656d61696c7c733a31353a2273757065724061646d696e2e636f6d223b757365726e616d657c733a31303a22737570657261646d696e223b70686f6e657c733a31323a22303835333133353232303334223b70686f746f7c733a32393a22737570657261646d696e2d32303231303731363135353034392e6a7067223b75736572747970655f69647c733a313a2231223b),
('9501c085263f9dd39787b125c9de191d1fedf05f', '110.138.1.150', 1695178275, 0x5f5f63695f6c6173745f726567656e65726174657c693a313639353137383237353b69645f757365727c733a323a223138223b6e616d657c733a32313a225265736d616e6920486964617961742c20532e5064223b656d61696c7c733a31373a227265736d616e6940676d61696c2e636f6d223b757365726e616d657c733a31343a223939353230323130393034303031223b70686f6e657c733a31323a22303831323938393936353337223b70686f746f7c733a303a22223b75736572747970655f69647c733a313a2233223b),
('35a0918a15e20bbb4722adee7e9f310b51c74104', '110.138.1.150', 1695181518, 0x5f5f63695f6c6173745f726567656e65726174657c693a313639353138313531383b69645f757365727c733a323a223138223b6e616d657c733a32313a225265736d616e6920486964617961742c20532e5064223b656d61696c7c733a31373a227265736d616e6940676d61696c2e636f6d223b757365726e616d657c733a31343a223939353230323130393034303031223b70686f6e657c733a31323a22303831323938393936353337223b70686f746f7c733a303a22223b75736572747970655f69647c733a313a2233223b),
('ae8c7179ac4281ba84ffd58ed7a7b373234248e9', '110.138.1.150', 1695181518, 0x5f5f63695f6c6173745f726567656e65726174657c693a313639353138313531383b),
('1f4128876f560b89bd92e40f44f5335263506213', '114.79.19.167', 1695183596, 0x5f5f63695f6c6173745f726567656e65726174657c693a313639353138333534333b69645f757365727c733a313a2233223b6e616d657c733a31313a2253757065722041646d696e223b656d61696c7c733a31353a2273757065724061646d696e2e636f6d223b757365726e616d657c733a31303a22737570657261646d696e223b70686f6e657c733a31323a22303835333133353232303334223b70686f746f7c733a32393a22737570657261646d696e2d32303231303731363135353034392e6a7067223b75736572747970655f69647c733a313a2231223b),
('c88a1a8de790bc0f7ae86b4e6f867f61b8860d12', '27.121.80.102', 1695184272, 0x5f5f63695f6c6173745f726567656e65726174657c693a313639353138343234323b69645f757365727c733a323a223139223b6e616d657c733a31323a2241686d6164204661757a616e223b656d61696c7c733a31363a226661757a616e40676d61696c2e636f6d223b757365726e616d657c733a31303a2232313232393935303031223b70686f6e657c733a31323a22303833383233343137373039223b70686f746f7c733a303a22223b75736572747970655f69647c733a313a2234223b),
('b57fcb75763231b38cbd4611e3222aa10b1376ca', '103.131.245.129', 1695184995, 0x5f5f63695f6c6173745f726567656e65726174657c693a313639353138343935393b69645f757365727c733a323a223138223b6e616d657c733a32313a225265736d616e6920486964617961742c20532e5064223b656d61696c7c733a31373a227265736d616e6940676d61696c2e636f6d223b757365726e616d657c733a31343a223939353230323130393034303031223b70686f6e657c733a31323a22303831323938393936353337223b70686f746f7c733a303a22223b75736572747970655f69647c733a313a2233223b),
('de1589713fe0cb8a2a3542a8cf67f4bb27face77', '89.248.171.23', 1695186724, 0x5f5f63695f6c6173745f726567656e65726174657c693a313639353138363732343b),
('2fcfa7529e255145c2515cb85929d22dc69e8a5c', '110.138.1.150', 1695191236, 0x5f5f63695f6c6173745f726567656e65726174657c693a313639353139313233363b69645f757365727c733a323a223138223b6e616d657c733a32313a225265736d616e6920486964617961742c20532e5064223b656d61696c7c733a31373a227265736d616e6940676d61696c2e636f6d223b757365726e616d657c733a31343a223939353230323130393034303031223b70686f6e657c733a31323a22303831323938393936353337223b70686f746f7c733a303a22223b75736572747970655f69647c733a313a2233223b),
('9413d9e07eb15316268ee98eda4a0b590935170d', '110.138.1.150', 1695195069, 0x5f5f63695f6c6173745f726567656e65726174657c693a313639353139353036393b69645f757365727c733a323a223138223b6e616d657c733a32313a225265736d616e6920486964617961742c20532e5064223b656d61696c7c733a31373a227265736d616e6940676d61696c2e636f6d223b757365726e616d657c733a31343a223939353230323130393034303031223b70686f6e657c733a31323a22303831323938393936353337223b70686f746f7c733a303a22223b75736572747970655f69647c733a313a2233223b),
('ac7084d49bc084b8976717acaf318c239cc757eb', '110.138.1.150', 1695201167, 0x5f5f63695f6c6173745f726567656e65726174657c693a313639353230313136373b69645f757365727c733a323a223138223b6e616d657c733a32313a225265736d616e6920486964617961742c20532e5064223b656d61696c7c733a31373a227265736d616e6940676d61696c2e636f6d223b757365726e616d657c733a31343a223939353230323130393034303031223b70686f6e657c733a31323a22303831323938393936353337223b70686f746f7c733a303a22223b75736572747970655f69647c733a313a2233223b),
('9cbedaa2ff9d9672cbafdd6a2443a2a31cc0d91d', '180.254.251.132', 1695200418, 0x5f5f63695f6c6173745f726567656e65726174657c693a313639353230303338373b69645f757365727c733a323a223139223b6e616d657c733a31323a2241686d6164204661757a616e223b656d61696c7c733a31363a226661757a616e40676d61696c2e636f6d223b757365726e616d657c733a31303a2232313232393935303031223b70686f6e657c733a31323a22303833383233343137373039223b70686f746f7c733a303a22223b75736572747970655f69647c733a313a2234223b),
('379e08f2cd435dc5cff3a6ca1ecd6332943b40ea', '180.254.251.132', 1695200452, 0x5f5f63695f6c6173745f726567656e65726174657c693a313639353230303435323b),
('1920099efcb8b69d122f45f26c2d4bb9ca58b871', '110.138.1.150', 1695201622, 0x5f5f63695f6c6173745f726567656e65726174657c693a313639353230313632323b69645f757365727c733a323a223138223b6e616d657c733a32313a225265736d616e6920486964617961742c20532e5064223b656d61696c7c733a31373a227265736d616e6940676d61696c2e636f6d223b757365726e616d657c733a31343a223939353230323130393034303031223b70686f6e657c733a31323a22303831323938393936353337223b70686f746f7c733a303a22223b75736572747970655f69647c733a313a2233223b),
('4fbda02ba6e615f218c00536d68f800664364367', '110.138.1.150', 1695202671, 0x5f5f63695f6c6173745f726567656e65726174657c693a313639353230323637313b69645f757365727c733a323a223138223b6e616d657c733a32313a225265736d616e6920486964617961742c20532e5064223b656d61696c7c733a31373a227265736d616e6940676d61696c2e636f6d223b757365726e616d657c733a31343a223939353230323130393034303031223b70686f6e657c733a31323a22303831323938393936353337223b70686f746f7c733a303a22223b75736572747970655f69647c733a313a2233223b),
('f759a382fe892e8903c3dbfab848ba807c44b891', '110.138.1.150', 1695202683, 0x5f5f63695f6c6173745f726567656e65726174657c693a313639353230323637313b69645f757365727c733a323a223138223b6e616d657c733a32313a225265736d616e6920486964617961742c20532e5064223b656d61696c7c733a31373a227265736d616e6940676d61696c2e636f6d223b757365726e616d657c733a31343a223939353230323130393034303031223b70686f6e657c733a31323a22303831323938393936353337223b70686f746f7c733a303a22223b75736572747970655f69647c733a313a2233223b),
('6649a28144a5153638088e0f1af7b4839b2043bf', '36.77.229.61', 1695266556, 0x5f5f63695f6c6173745f726567656e65726174657c693a313639353236363535363b69645f757365727c733a323a223138223b6e616d657c733a32313a225265736d616e6920486964617961742c20532e5064223b656d61696c7c733a31373a227265736d616e6940676d61696c2e636f6d223b757365726e616d657c733a31343a223939353230323130393034303031223b70686f6e657c733a31323a22303831323938393936353337223b70686f746f7c733a303a22223b75736572747970655f69647c733a313a2233223b),
('d09542b9d2521eb7264183e0da606dac89b1daa3', '114.124.243.182', 1695266392, 0x5f5f63695f6c6173745f726567656e65726174657c693a313639353236363339323b),
('b6f003ea882f3a5b396095844900f42aa2b44953', '114.124.243.182', 1695267453, 0x5f5f63695f6c6173745f726567656e65726174657c693a313639353236373435333b69645f757365727c733a323a223139223b6e616d657c733a31323a2241686d6164204661757a616e223b656d61696c7c733a31363a226661757a616e40676d61696c2e636f6d223b757365726e616d657c733a31303a2232313232393935303031223b70686f6e657c733a31323a22303833383233343137373039223b70686f746f7c733a303a22223b75736572747970655f69647c733a313a2234223b),
('2290ebc09073a79e91fe91398a5d54541a31d61d', '36.77.229.61', 1695267462, 0x5f5f63695f6c6173745f726567656e65726174657c693a313639353236373436323b69645f757365727c733a323a223138223b6e616d657c733a32313a225265736d616e6920486964617961742c20532e5064223b656d61696c7c733a31373a227265736d616e6940676d61696c2e636f6d223b757365726e616d657c733a31343a223939353230323130393034303031223b70686f6e657c733a31323a22303831323938393936353337223b70686f746f7c733a303a22223b75736572747970655f69647c733a313a2233223b),
('d8722a171c622247d98ede55c2f76681a4b9feb5', '180.214.233.79', 1695268616, 0x5f5f63695f6c6173745f726567656e65726174657c693a313639353236383631363b),
('2a95d9a3de45583048e89e1c9b8fff690a77013f', '114.124.243.182', 1695267472, 0x5f5f63695f6c6173745f726567656e65726174657c693a313639353236373435333b69645f757365727c733a323a223139223b6e616d657c733a31323a2241686d6164204661757a616e223b656d61696c7c733a31363a226661757a616e40676d61696c2e636f6d223b757365726e616d657c733a31303a2232313232393935303031223b70686f6e657c733a31323a22303833383233343137373039223b70686f746f7c733a303a22223b75736572747970655f69647c733a313a2234223b),
('0c9b217701fb26b17877ef5bd5cd76679106db3d', '36.77.229.61', 1695267853, 0x5f5f63695f6c6173745f726567656e65726174657c693a313639353236373835333b69645f757365727c733a323a223138223b6e616d657c733a32313a225265736d616e6920486964617961742c20532e5064223b656d61696c7c733a31373a227265736d616e6940676d61696c2e636f6d223b757365726e616d657c733a31343a223939353230323130393034303031223b70686f6e657c733a31323a22303831323938393936353337223b70686f746f7c733a303a22223b75736572747970655f69647c733a313a2233223b),
('fd354a18b304b14fa351cd677458e83d6c01f825', '36.77.229.61', 1695268185, 0x5f5f63695f6c6173745f726567656e65726174657c693a313639353236383138353b69645f757365727c733a323a223139223b6e616d657c733a31323a2241686d6164204661757a616e223b656d61696c7c733a31363a226661757a616e40676d61696c2e636f6d223b757365726e616d657c733a31303a2232313232393935303031223b70686f6e657c733a31323a22303833383233343137373039223b70686f746f7c733a303a22223b75736572747970655f69647c733a313a2234223b),
('0ffd8ca48c80f41618a9e46dc8dd61ecbd2f170c', '36.77.229.61', 1695268626, 0x5f5f63695f6c6173745f726567656e65726174657c693a313639353236383233323b69645f757365727c733a323a223138223b6e616d657c733a32313a225265736d616e6920486964617961742c20532e5064223b656d61696c7c733a31373a227265736d616e6940676d61696c2e636f6d223b757365726e616d657c733a31343a223939353230323130393034303031223b70686f6e657c733a31323a22303831323938393936353337223b70686f746f7c733a303a22223b75736572747970655f69647c733a313a2233223b),
('14e6c7f63a03e0b9fa584ebb006c8a791c99cbc7', '180.214.233.79', 1695268616, 0x5f5f63695f6c6173745f726567656e65726174657c693a313639353236383631363b),
('kencs51etgt3r277efphjla5gsvtqbj3', '127.0.0.1', 1695302572, 0x5f5f63695f6c6173745f726567656e65726174657c693a313639353330323537323b69645f757365727c733a323a223138223b6e616d657c733a32313a225265736d616e6920486964617961742c20532e5064223b656d61696c7c733a31373a227265736d616e6940676d61696c2e636f6d223b757365726e616d657c733a31343a223939353230323130393034303031223b70686f6e657c733a31323a22303831323938393936353337223b70686f746f7c733a303a22223b75736572747970655f69647c733a313a2233223b),
('tnfapb6r28b1anlro0n21ikbaed5dkoe', '127.0.0.1', 1695302890, 0x5f5f63695f6c6173745f726567656e65726174657c693a313639353330323839303b69645f757365727c733a323a223138223b6e616d657c733a32313a225265736d616e6920486964617961742c20532e5064223b656d61696c7c733a31373a227265736d616e6940676d61696c2e636f6d223b757365726e616d657c733a31343a223939353230323130393034303031223b70686f6e657c733a31323a22303831323938393936353337223b70686f746f7c733a303a22223b75736572747970655f69647c733a313a2233223b),
('9dcq5lsv0mrdm343n1fahrg1j8te06qn', '127.0.0.1', 1695303971, 0x5f5f63695f6c6173745f726567656e65726174657c693a313639353330333937313b69645f757365727c733a323a223138223b6e616d657c733a32313a225265736d616e6920486964617961742c20532e5064223b656d61696c7c733a31373a227265736d616e6940676d61696c2e636f6d223b757365726e616d657c733a31343a223939353230323130393034303031223b70686f6e657c733a31323a22303831323938393936353337223b70686f746f7c733a303a22223b75736572747970655f69647c733a313a2233223b),
('2eo53ft36oueqhi3jt688ig5b7j3p1lr', '127.0.0.1', 1695303971, 0x5f5f63695f6c6173745f726567656e65726174657c693a313639353330333937313b69645f757365727c733a323a223138223b6e616d657c733a32313a225265736d616e6920486964617961742c20532e5064223b656d61696c7c733a31373a227265736d616e6940676d61696c2e636f6d223b757365726e616d657c733a31343a223939353230323130393034303031223b70686f6e657c733a31323a22303831323938393936353337223b70686f746f7c733a303a22223b75736572747970655f69647c733a313a2233223b),
('iuuaa9sm4drkg8ear2ca515al7bnf9li', '127.0.0.1', 1695344354, 0x5f5f63695f6c6173745f726567656e65726174657c693a313639353334343333363b),
('8je7kb143mksgjroeet7ck0n4c9l3ocu', '127.0.0.1', 1695400132, 0x5f5f63695f6c6173745f726567656e65726174657c693a313639353430303133323b),
('12iucff1hqu807457abt493047o1cr94', '127.0.0.1', 1695471732, 0x5f5f63695f6c6173745f726567656e65726174657c693a313639353437313733323b69645f757365727c733a323a223139223b6e616d657c733a31323a2241686d6164204661757a616e223b656d61696c7c733a31363a226661757a616e40676d61696c2e636f6d223b757365726e616d657c733a31303a2232313232393935303031223b70686f6e657c733a31323a22303833383233343137373039223b70686f746f7c733a303a22223b75736572747970655f69647c733a313a2234223b),
('pbmjkv9en55qrokdui9dbvm1k4vk7avs', '127.0.0.1', 1695472295, 0x5f5f63695f6c6173745f726567656e65726174657c693a313639353437323239353b69645f757365727c733a323a223139223b6e616d657c733a31323a2241686d6164204661757a616e223b656d61696c7c733a31363a226661757a616e40676d61696c2e636f6d223b757365726e616d657c733a31303a2232313232393935303031223b70686f6e657c733a31323a22303833383233343137373039223b70686f746f7c733a303a22223b75736572747970655f69647c733a313a2234223b),
('i9an8eq3mqk8201ikac562q6t819v1ko', '127.0.0.1', 1695472298, 0x5f5f63695f6c6173745f726567656e65726174657c693a313639353437323239353b69645f757365727c733a323a223139223b6e616d657c733a31323a2241686d6164204661757a616e223b656d61696c7c733a31363a226661757a616e40676d61696c2e636f6d223b757365726e616d657c733a31303a2232313232393935303031223b70686f6e657c733a31323a22303833383233343137373039223b70686f746f7c733a303a22223b75736572747970655f69647c733a313a2234223b),
('9m6qfuh9lchl3us7buv1fd28ip7r1c2j', '127.0.0.1', 1695481322, 0x5f5f63695f6c6173745f726567656e65726174657c693a313639353438313031313b69645f757365727c733a323a223139223b6e616d657c733a31323a2241686d6164204661757a616e223b656d61696c7c733a31363a226661757a616e40676d61696c2e636f6d223b757365726e616d657c733a31303a2232313232393935303031223b70686f6e657c733a31323a22303833383233343137373039223b70686f746f7c733a303a22223b75736572747970655f69647c733a313a2234223b),
('i769rber1ane50io4sk6igj43favm847', '127.0.0.1', 1695545499, 0x5f5f63695f6c6173745f726567656e65726174657c693a313639353534353439383b7761726e696e677c733a33303a2253696c61686b616e206c6f67696e207465726c6562696820646168756c75223b5f5f63695f766172737c613a313a7b733a373a227761726e696e67223b733a333a226f6c64223b7d),
('d204voim561r169jd6eijnrm8tn3d3uh', '::1', 1696313951, 0x5f5f63695f6c6173745f726567656e65726174657c693a313639363331333935313b),
('7rlu5bu2omq0jacpk6hkk9t9c29muqq7', '::1', 1696314578, 0x5f5f63695f6c6173745f726567656e65726174657c693a313639363331343537383b69645f757365727c733a313a2233223b6e616d657c733a31313a2253757065722041646d696e223b656d61696c7c733a31353a2273757065724061646d696e2e636f6d223b757365726e616d657c733a31303a22737570657261646d696e223b70686f6e657c733a31323a22303835333133353232303334223b70686f746f7c733a32393a22737570657261646d696e2d32303231303731363135353034392e6a7067223b75736572747970655f69647c733a313a2231223b),
('8212oisiovd5im2lbol950ifsj6ivrbl', '::1', 1696314578, 0x5f5f63695f6c6173745f726567656e65726174657c693a313639363331343537383b),
('5oltac0e2cuto9varu35d1pf3p6g3t9b', '::1', 1696834529, 0x5f5f63695f6c6173745f726567656e65726174657c693a313639363833343532393b69645f757365727c733a313a2233223b6e616d657c733a31313a2253757065722041646d696e223b656d61696c7c733a31353a2273757065724061646d696e2e636f6d223b757365726e616d657c733a31303a22737570657261646d696e223b70686f6e657c733a31323a22303835333133353232303334223b70686f746f7c733a32393a22737570657261646d696e2d32303231303731363135353034392e6a7067223b75736572747970655f69647c733a313a2231223b),
('21udpbhmiurpi1sj2g5u9e2hbjunsfjh', '::1', 1696834550, 0x5f5f63695f6c6173745f726567656e65726174657c693a313639363833343535303b),
('41rkl4nrsjhn341bvjddodacaqdhqhpk', '::1', 1696859956, 0x5f5f63695f6c6173745f726567656e65726174657c693a313639363835393935363b69645f757365727c733a313a2233223b6e616d657c733a31313a2253757065722041646d696e223b656d61696c7c733a31353a2273757065724061646d696e2e636f6d223b757365726e616d657c733a31303a22737570657261646d696e223b70686f6e657c733a31323a22303835333133353232303334223b70686f746f7c733a32393a22737570657261646d696e2d32303231303731363135353034392e6a7067223b75736572747970655f69647c733a313a2231223b),
('vmnkioq580103kpm92jdrodcmi9uh5d4', '::1', 1696860468, 0x5f5f63695f6c6173745f726567656e65726174657c693a313639363836303436383b69645f757365727c733a313a2233223b6e616d657c733a31313a2253757065722041646d696e223b656d61696c7c733a31353a2273757065724061646d696e2e636f6d223b757365726e616d657c733a31303a22737570657261646d696e223b70686f6e657c733a31323a22303835333133353232303334223b70686f746f7c733a32393a22737570657261646d696e2d32303231303731363135353034392e6a7067223b75736572747970655f69647c733a313a2231223b),
('rma4b9ennejrc7psf5ethprr77d0dvga', '::1', 1696861132, 0x5f5f63695f6c6173745f726567656e65726174657c693a313639363836313133323b69645f757365727c733a323a223232223b6e616d657c733a383a224e757279616d616e223b656d61696c7c733a31383a226e757279616d616e40676d61696c2e636f6d223b757365726e616d657c733a31303a2232313232393935303032223b70686f6e657c733a31323a22303833383635343433313230223b70686f746f7c733a303a22223b75736572747970655f69647c733a313a2234223b),
('5u618ks6omhvu8sltbaah7qv0ek94bie', '::1', 1696861471, 0x5f5f63695f6c6173745f726567656e65726174657c693a313639363836313437313b69645f757365727c733a323a223230223b6e616d657c733a31323a2241686d616420526f79616e69223b656d61696c7c733a31363a22726f79616e6940676d61696c2e636f6d223b757365726e616d657c733a31303a2232313232393935303033223b70686f6e657c733a31323a22303833383131373634353039223b70686f746f7c733a303a22223b75736572747970655f69647c733a313a2234223b),
('1vsf8s7d12ecdb54abce7q3r7d740bvn', '::1', 1696861775, 0x5f5f63695f6c6173745f726567656e65726174657c693a313639363836313737353b69645f757365727c733a323a223230223b6e616d657c733a31323a2241686d616420526f79616e69223b656d61696c7c733a31363a22726f79616e6940676d61696c2e636f6d223b757365726e616d657c733a31303a2232313232393935303033223b70686f6e657c733a31323a22303833383131373634353039223b70686f746f7c733a303a22223b75736572747970655f69647c733a313a2234223b),
('r1108osakb38etsut8k34uaa904fhj6s', '::1', 1696862180, 0x5f5f63695f6c6173745f726567656e65726174657c693a313639363836323138303b69645f757365727c733a323a223138223b6e616d657c733a32313a225265736d616e6920486964617961742c20532e5064223b656d61696c7c733a31373a227265736d616e6940676d61696c2e636f6d223b757365726e616d657c733a31343a223939353230323130393034303031223b70686f6e657c733a31323a22303831323938393936353337223b70686f746f7c733a303a22223b75736572747970655f69647c733a313a2233223b),
('2sko5k6gvubegj25335uialcri30vjfe', '::1', 1696862516, 0x5f5f63695f6c6173745f726567656e65726174657c693a313639363836323531363b69645f757365727c733a323a223138223b6e616d657c733a32313a225265736d616e6920486964617961742c20532e5064223b656d61696c7c733a31373a227265736d616e6940676d61696c2e636f6d223b757365726e616d657c733a31343a223939353230323130393034303031223b70686f6e657c733a31323a22303831323938393936353337223b70686f746f7c733a303a22223b75736572747970655f69647c733a313a2233223b),
('nrjhtfh5ontpmig9te70be96944dp89o', '::1', 1696862983, 0x5f5f63695f6c6173745f726567656e65726174657c693a313639363836323938333b69645f757365727c733a323a223138223b6e616d657c733a32313a225265736d616e6920486964617961742c20532e5064223b656d61696c7c733a31373a227265736d616e6940676d61696c2e636f6d223b757365726e616d657c733a31343a223939353230323130393034303031223b70686f6e657c733a31323a22303831323938393936353337223b70686f746f7c733a303a22223b75736572747970655f69647c733a313a2233223b),
('2vlng4csce7as79eb5oe3epi42r86rlk', '::1', 1696863421, 0x5f5f63695f6c6173745f726567656e65726174657c693a313639363836333432313b69645f757365727c733a323a223138223b6e616d657c733a32313a225265736d616e6920486964617961742c20532e5064223b656d61696c7c733a31373a227265736d616e6940676d61696c2e636f6d223b757365726e616d657c733a31343a223939353230323130393034303031223b70686f6e657c733a31323a22303831323938393936353337223b70686f746f7c733a303a22223b75736572747970655f69647c733a313a2233223b),
('tdegh3s9uvepfblqeqeps9c7lin8k3lv', '::1', 1696863791, 0x5f5f63695f6c6173745f726567656e65726174657c693a313639363836333739313b69645f757365727c733a323a223138223b6e616d657c733a32313a225265736d616e6920486964617961742c20532e5064223b656d61696c7c733a31373a227265736d616e6940676d61696c2e636f6d223b757365726e616d657c733a31343a223939353230323130393034303031223b70686f6e657c733a31323a22303831323938393936353337223b70686f746f7c733a303a22223b75736572747970655f69647c733a313a2233223b),
('fqd78bvc8l7ihsoa45haf6c4eni653bg', '::1', 1696864097, 0x5f5f63695f6c6173745f726567656e65726174657c693a313639363836343039373b69645f757365727c733a323a223138223b6e616d657c733a32313a225265736d616e6920486964617961742c20532e5064223b656d61696c7c733a31373a227265736d616e6940676d61696c2e636f6d223b757365726e616d657c733a31343a223939353230323130393034303031223b70686f6e657c733a31323a22303831323938393936353337223b70686f746f7c733a303a22223b75736572747970655f69647c733a313a2233223b),
('vvup4p9875u0rd9a0k3ktgkkullbmj8p', '::1', 1696864097, 0x5f5f63695f6c6173745f726567656e65726174657c693a313639363836343039373b69645f757365727c733a323a223138223b6e616d657c733a32313a225265736d616e6920486964617961742c20532e5064223b656d61696c7c733a31373a227265736d616e6940676d61696c2e636f6d223b757365726e616d657c733a31343a223939353230323130393034303031223b70686f6e657c733a31323a22303831323938393936353337223b70686f746f7c733a303a22223b75736572747970655f69647c733a313a2233223b);

-- --------------------------------------------------------

--
-- Table structure for table `tbl_classroom`
--

CREATE TABLE `tbl_classroom` (
  `id` int(11) NOT NULL,
  `name` varchar(128) DEFAULT NULL,
  `id_major` int(11) DEFAULT NULL
) ENGINE=InnoDB DEFAULT CHARSET=latin1;

--
-- Dumping data for table `tbl_classroom`
--

INSERT INTO `tbl_classroom` (`id`, `name`, `id_major`) VALUES
(1, 'X-TP', 1),
(2, 'X-TKR', 2),
(3, 'X-RPL', 3),
(4, 'XI 1', 4);

-- --------------------------------------------------------

--
-- Table structure for table `tbl_class_teacher`
--

CREATE TABLE `tbl_class_teacher` (
  `id` int(11) NOT NULL,
  `id_teacher` int(11) DEFAULT NULL,
  `id_classroom` int(11) DEFAULT NULL
) ENGINE=InnoDB DEFAULT CHARSET=latin1;

--
-- Dumping data for table `tbl_class_teacher`
--

INSERT INTO `tbl_class_teacher` (`id`, `id_teacher`, `id_classroom`) VALUES
(5, 2, 3),
(6, 2, 2),
(7, 2, 1),
(8, 1, 3),
(9, 1, 2),
(10, 1, 1),
(11, 1, 4),
(13, 3, 2),
(14, 3, 1);

-- --------------------------------------------------------

--
-- Table structure for table `tbl_exam`
--

CREATE TABLE `tbl_exam` (
  `id` int(11) NOT NULL,
  `id_teacher` int(11) DEFAULT NULL,
  `id_lesson` int(11) DEFAULT NULL,
  `name` varchar(128) DEFAULT NULL,
  `noq` int(11) DEFAULT NULL,
  `time` int(11) DEFAULT NULL,
  `type` int(11) DEFAULT NULL,
  `date_start` datetime DEFAULT NULL,
  `date_end` datetime DEFAULT NULL,
  `token` varchar(16) DEFAULT NULL,
  `created_at` datetime DEFAULT NULL,
  `created_by` varchar(32) DEFAULT NULL,
  `updated_at` datetime DEFAULT NULL,
  `updated_by` varchar(32) DEFAULT NULL
) ENGINE=InnoDB DEFAULT CHARSET=latin1;

--
-- Dumping data for table `tbl_exam`
--

INSERT INTO `tbl_exam` (`id`, `id_teacher`, `id_lesson`, `name`, `noq`, `time`, `type`, `date_start`, `date_end`, `token`, `created_at`, `created_by`, `updated_at`, `updated_by`) VALUES
(1, 1, 1, 'Ujian Percobaan', 12, 15, 0, '2023-10-04 11:36:00', '2023-10-15 23:50:00', 'DGFCAY', '2023-09-18 10:09:38', 'superadmin', '2023-10-09 20:37:15', 'superadmin'),
(11, 1, 1, 'Ulangan Harian', 5, 10, 1, '2023-10-01 12:01:00', '2023-10-31 15:59:00', 'UMBMER', '2023-09-18 12:47:39', '99520210904001', '2023-10-09 20:37:32', 'superadmin'),
(12, 1, 3, 'Ulangan TKJ', 10, 10, 1, '2023-10-01 07:00:00', '2023-10-20 17:00:00', 'NUYWCS', '2023-09-19 15:30:41', '99520210904001', '2023-10-09 20:35:43', 'superadmin');

-- --------------------------------------------------------

--
-- Table structure for table `tbl_exam_result`
--

CREATE TABLE `tbl_exam_result` (
  `id` int(11) NOT NULL,
  `id_exam` int(11) DEFAULT NULL,
  `id_student` int(11) DEFAULT NULL,
  `list_question` varchar(128) DEFAULT NULL,
  `list_answer` varchar(128) DEFAULT NULL,
  `total_true` int(11) DEFAULT NULL,
  `total_value` decimal(10,0) DEFAULT NULL,
  `value` decimal(10,0) DEFAULT NULL,
  `date_start` datetime DEFAULT NULL,
  `date_end` datetime DEFAULT NULL,
  `status` int(11) DEFAULT NULL
) ENGINE=InnoDB DEFAULT CHARSET=latin1;

--
-- Dumping data for table `tbl_exam_result`
--

INSERT INTO `tbl_exam_result` (`id`, `id_exam`, `id_student`, `list_question`, `list_answer`, `total_true`, `total_value`, `value`, `date_start`, `date_end`, `status`) VALUES
(10, 1, 2, '1,4,5,6,7,13,14,15,16,17,18,19', '1:B:N,4:B:N,5:D:N,6:B:N,7:C:N,13:B:N,14:E:N,15:C:N,16:E:N,17:D:N,18:E:N,19:B:N', 7, '58', '100', '2023-10-09 21:10:05', '2023-10-09 21:18:52', 0),
(11, 1, 3, '1,4,5,6,7,13,14,15,16,17,18,19', '1:B:N,4:A:N,5:D:N,6:B:N,7:D:N,13:B:N,14:E:N,15:B:N,16:E:N,17:D:N,18:C:N,19:B:N', 10, '83', '100', '2023-10-09 21:21:50', '2023-10-09 21:29:35', 0);

-- --------------------------------------------------------

--
-- Table structure for table `tbl_lesson`
--

CREATE TABLE `tbl_lesson` (
  `id` int(11) NOT NULL,
  `name` varchar(128) DEFAULT NULL
) ENGINE=InnoDB DEFAULT CHARSET=latin1;

--
-- Dumping data for table `tbl_lesson`
--

INSERT INTO `tbl_lesson` (`id`, `name`) VALUES
(1, 'Bahasa Indonesia'),
(2, 'Bahasa Inggris'),
(3, 'Komputer dan Jaringan Dasar'),
(4, 'Mesin Bubut CNC'),
(5, 'Pengelasan Dasar'),
(7, 'Matematika');

-- --------------------------------------------------------

--
-- Table structure for table `tbl_lesson_teacher`
--

CREATE TABLE `tbl_lesson_teacher` (
  `id` int(11) NOT NULL,
  `id_teacher` int(11) DEFAULT NULL,
  `id_lesson` int(11) DEFAULT NULL
) ENGINE=InnoDB DEFAULT CHARSET=latin1;

--
-- Dumping data for table `tbl_lesson_teacher`
--

INSERT INTO `tbl_lesson_teacher` (`id`, `id_teacher`, `id_lesson`) VALUES
(2, 2, 2),
(3, 3, 4),
(11, 1, 1),
(12, 1, 3);

-- --------------------------------------------------------

--
-- Table structure for table `tbl_major`
--

CREATE TABLE `tbl_major` (
  `id` int(11) NOT NULL,
  `name` varchar(128) DEFAULT NULL
) ENGINE=InnoDB DEFAULT CHARSET=latin1;

--
-- Dumping data for table `tbl_major`
--

INSERT INTO `tbl_major` (`id`, `name`) VALUES
(1, 'Teknik Pemesinan'),
(2, 'Teknik Otomotif'),
(3, 'Rekayasa Perangkat Lunak'),
(4, 'UMUM');

-- --------------------------------------------------------

--
-- Table structure for table `tbl_major_lesson`
--

CREATE TABLE `tbl_major_lesson` (
  `id` int(11) NOT NULL,
  `id_lesson` int(11) DEFAULT NULL,
  `id_major` int(11) DEFAULT NULL
) ENGINE=InnoDB DEFAULT CHARSET=latin1;

--
-- Dumping data for table `tbl_major_lesson`
--

INSERT INTO `tbl_major_lesson` (`id`, `id_lesson`, `id_major`) VALUES
(4, 2, 3),
(5, 2, 2),
(6, 2, 1),
(7, 3, 3),
(8, 4, 1),
(9, 5, 2),
(10, 5, 1),
(11, 1, 3),
(12, 1, 2),
(13, 1, 1),
(14, 1, 4);

-- --------------------------------------------------------

--
-- Table structure for table `tbl_notification`
--

CREATE TABLE `tbl_notification` (
  `id` int(11) NOT NULL,
  `datetime` datetime DEFAULT NULL,
  `message` text,
  `for` int(11) DEFAULT NULL,
  `target` int(11) DEFAULT NULL,
  `status` tinyint(1) DEFAULT '0'
) ENGINE=InnoDB DEFAULT CHARSET=latin1;

-- --------------------------------------------------------

--
-- Table structure for table `tbl_question`
--

CREATE TABLE `tbl_question` (
  `id` int(11) NOT NULL,
  `id_teacher` int(11) DEFAULT NULL,
  `id_lesson` int(11) DEFAULT NULL,
  `file` varchar(255) DEFAULT NULL,
  `question` longtext,
  `option_a` varchar(255) DEFAULT NULL,
  `option_b` varchar(255) DEFAULT NULL,
  `option_c` varchar(255) DEFAULT NULL,
  `option_d` varchar(255) DEFAULT NULL,
  `option_e` varchar(255) DEFAULT NULL,
  `answer` varchar(1) DEFAULT NULL,
  `value` int(2) DEFAULT NULL,
  `created_at` datetime DEFAULT NULL,
  `created_by` varchar(32) DEFAULT NULL,
  `updated_at` datetime DEFAULT NULL,
  `updated_by` varchar(32) DEFAULT NULL
) ENGINE=InnoDB DEFAULT CHARSET=latin1;

--
-- Dumping data for table `tbl_question`
--

INSERT INTO `tbl_question` (`id`, `id_teacher`, `id_lesson`, `file`, `question`, `option_a`, `option_b`, `option_c`, `option_d`, `option_e`, `answer`, `value`, `created_at`, `created_by`, `updated_at`, `updated_by`) VALUES
(1, 1, 1, NULL, '<p><img style=\"width: 300px;\" src=\"data:image/jpeg;base64,/9j/4AAQSkZJRgABAQAAAQABAAD/2wCEAAkGBxITEhUTEhIWFRUVFxUVFxcVFxUVFxUVFRUYFxgVFRcYHSggGBolHRcVITEhJSktLi4uFx8zODMtNygtLisBCgoKDg0OGxAQGy0lHyU1LS0tLS0tLy0tLy0tKy0tLS0tLS0tLS0tLS0tNy0tLS0tLS0tNS0tLS0tNS0tLS0tLf/AABEIAKgBLAMBIgACEQEDEQH/xAAcAAABBQEBAQAAAAAAAAAAAAAEAAIDBQYBBwj/xABBEAACAQIEAwUFBQcDBAIDAAABAhEAAwQSITEFIkEGUWFxgRMyQpGhI1JyscEHFDNi0eHwgqLxQ2OywpKjCCSD/8QAGgEAAgMBAQAAAAAAAAAAAAAAAAQCAwUBBv/EADARAAIBAwMCBAUCBwAAAAAAAAABAgMEERIhMQVBIlFhcRMyocHwgZEjMzRCYuHx/9oADAMBAAIRAxEAPwCjiuU+Ka9Yx74aWqN6fNKu4IS3IclRtU70O9TRTNJDTTHakzVE5qZS2MuNUDGnO1R1LBU3lklsVKKaoroqLLYki1PbFRIKnQVBl8SRRXSK6orrVAsGrRCUOtErQSiJjUFw1K5oa61ASZDdNRVd8b4cLOHwrRzXVuXGPhyZR6Aj1JqlrsJallC0ZqayhhND3DrU9w0MamQmyW0Kkri7V0CgnFElqjrIoO0KsMOKjJl1NbhVvQUPcap7pgUIxqCL5vGwq7FJafFdIIjmoWapbpofNrQyubwdmnItWvafhYsYl0Ucp5l8Fbp6GR6UCiVyMlJZRGm1NKSO2kqeuAVwmuDKWBVxjXTXCKkRZFXa4wpprpW2Nc1A1SOagc1NFE2MY1C5p7moXNTRRJjDStrXGp6VIghxNOWs3juKuzEIYXYRufGaBa6x3YnzJqxW7fLEp9ThF4ism5SiLYrzuuq5GxI8iaHa57nF1n/D6npYWmNXni4y6NrjjyY/1ohOMYgf9VvWD+dRdq+zLl1qHeL/AHN0gokVicP2mvD3gjDyIP0P6Vb4PtVbYhXQqSYkHMNT86qlbzQ3R6pby2zj3Lq6an7P4IX8TatN7rNzfhUFiPWI9aEvNWg/Z/hc197nW0mYDvzaHz5Q2nfFK1ZOMG0MXM9MGyz/AGjYOMNh2A0tu9o+EqIH/wBZFefNXs3GMEuIt3LRMLdEgn4LitIbyDzPhdFeP43DvadrdxSroYYHoRXLWeYY8hGxqZi4vkEumokp140rdMjL3kS1JatMxCqCSYAA11JgfUj5022pJAAkmAANSSdAB416Z2P7PXcNLXcoZxERmK92uYAkdQB69Kqq1PhxyRrV1Sj6mEwXC77yUs3HAJBKIzCRuJAirLCcHxBIHsLo/EjqPUkQK9EHtc4UnJaUAQoIAknN8MAba76mSIgy378Hm90owjrykA+e8aHpSM7yXZC0b+a7I8sxWhImYkSNj4jwO9C0dxu2Vv3FbUh2EiYI6ESSdRB1JoJadjukasJOUU33JEFSRXLYp7V1suS2BL1ScKwxu37Vsa57iL6FhP0mo7tavsJwkgnFOIAzJa8WIh7g8FUkeJMVyctMWxK6qqEG/wBi17e8PVla+PeRwk96GNPm81iVWvS+OYX2mHuW9sqM5/GuoWfAwvjkNebClreT0tFfTJ6qbXkcJqMmnOaimmkaLYQRXDSpVI6Mao2FSPULUFMiF6Hc1NdodqsQtMjeomNSMaHY1NFEjq1DxG9ltMesQPXSp1FVXHrvKq95n5f81OCzJIouJ6KUmUtKlSp084KlSpUAKlSpUAKiuEpN62P51+hn9KFqx7PLOITwzH/aajN4i2W0Y6qkV6o2V1q3f7NLYW3cuxzC4AfFIGnlmP51gGr0rsA3/wCpouqNc0Ozo3vDx/oD31h3PyHpr9/wjQ+zX3dMrQyE7A7AN9bZ66LVJ2p7Ppi0zSLeItggM21xVE5LkfGO/WdxI2ugREGShJg7lWjUEdTG6/EOYa1FjgckNqGhA4hgQWAiTo8T7rQRrBpOM3B5X5+eZjwk4vKPFeJ8Pu2WyXrbIfEaHyOxqC3XtWPRXT2dxVuKSBlK5miROVWGaYno0dDVFxTsLhHBNi61hhuryyDz+JB4mmqd5F7S2NGndr+489wd4o6uvvKQwnXUagxVxgcTh7ktjDda5M5hDZh3GdvqKq8bgns3GtXFyuhgj9R3gjWuWrZJgfkT9BrTE4xksjkoQnHV9T0bs3xO1eDhUa3at5RzNOaZME7k8sxt4Vem5bnSW5YAjQAnRdYjMdidNu8TVcJwXs7KplnRpXMSTAUsjEgZQIDdDIjvk1lk7zOuYg6jMxzhZjL/ANuOYiRtWTUpxcmzFnNavDwYftVgHW6bkEowUZvusqhWVvumR176pra1qu2djkR8qkyAzalxmAYKW6ySxObUHQaVmrK1oUH4NzcsZOdNehKiVy9Wh4D2eN5RcuP7O2SQNMzvGjFR0A2zHrWhs8Mw1lkNlCx1m5chgYG4YwqnyPfvUKleMPc7Wv6cMxjuzKdnuyrXmD4ibVka6gh7g+6g8fnroK36lQAwUKiALbT4Rl2HkvvMe8ASYoZ251Y8xaUjXuLaEAE7e6g176KPKZbVhAVANF+6GA0A7kGp0nrS8qrnyYletKrLMvz88zptDL7MjV+a5PRIJyt3kg6+Nzxryq+ACR3Ej5GvVEGpB10JuNMwJ1WdtTIJ79tErzDjNyb90xE3HMHT4jvVlv8AM0O9Lk9UkAO1RzSY02nDXbC1Ndmm26dlrpPlEV1qhJp941DNSSKJvcju0MTU1w0K5qyItNnHNQmpGNRCplLHzWe4zdm5H3QB+p/Or52gE+tZy7h3JLGBJJ1ImrqC3bM7qM8QUfMGpVILJ6VPh+G3X9xCfUUyY4JSq3bsxjAJ/d32nTKdPQ1XYnCXLZi4jIf5lI/OgCGlSpUAKrbswv209yt+YFVNXfZRftHPcv5n+1V1XiDGrJZrwXqaWvSewTThADylXuZG2B2JBPTz6QD0rzcVvf2cX5tXbZ5gHDZPiAYe8njIOn/BxbneB6G+WaRrFXUxAbZrbQFbrEbA9QJjqpAofGEKV962S2oeSCcrQAd30nVlPrUyawFhwNArHK48FMjT8JI/lFMxikBTF5YYaawAZXSFU7kfWkXwYseQS7dAK8ygZhsxtnz1VU+mu1Gi5m6lhB3yNGm2ZNAKDxOYAEG4IIO8bfdFxYn50U7gkEmSN5NtiJGs5FMfOqJbot7lJ2q7N/vVm3es5fbW19mwJAzqmg1PUb+Rqg7P8EuWnJuqEblCHMh1ZoOxMaTrGkE9Kg/aIgV7eYTCuYidygkeJAHyFZr2K/dHyFaUFKdJb8mxZ2cq1HSp/pjhZZ61cddcsQQYBMaW/aKofTRgRygbxrrrTrlwT7w6vrEkj2hzNpyXR0A0nXpp4+QmcLlE5S2w2BA/WvcewKWU4Zae4ECqtwszBYAFxtSTVtOyU3jIh1CzVpT16s748u2Sg4vbV1ZSVhkJG2YAsRJ/7kiD3wNdKouE9lb9y4FcBF+JsyGB1ygEyfpWyvdu8EGhcM7rJGYJaXbuVmDfMCruxi8LisJcuWVUjI4IKBWU5TyspEg/5tV1Ow0t6Z/T/ZmW/WUk4U2slTcVQ7IgAW2qWlEZgAnh11JHpQ2OvjllzIYe9cQD/wCNvmP6eldsLy66zB112+I8p3PWKWJckoAzwJOj2o005cozA6/nWHnMm2NcYGPdAy8yjmXRQQTrGhyqfHVulHrbIHKDbXUZn94jqqKu3+nf71BlTKj7XUzAz7Lr1Anp/goxrZ3yH8V4gD1BCg/7vKrIcFcjiARO1voDvcIgbDfoNNNlG5ry7jjk4i8WEH2jyO7mNeoq4GZpzMN3bRUAGsTuRrG3gACTXkWKvZmZiZzMWnvkzTVuvE2aPTF4pMhY0qaTXRTZrhVqpAajXalm0rpYmDX2qAvUl+hyamhWb3OMaFc60RcbShSasiLzYmpk05jUZNdKgnDJbys93NkWBCwGdiJABOwgEk+VBXcALn8MZRIlWMmCYDZu7WixbLW1HQM7H0Rf6GjeCYoZjyboRm36ghQOpO3rTdJJRMO9m5VWn2M/xDBtaIRtI2H/AB+tbX9n3CQ5LvtGgq97V9nxetJdVSWSJAGpWJ28KK7K8Pa1LMCJER8oA9KtFC4/dRMQO4HbQggevSqntViMLYt5r2sggKACxPl61cYzEZFk6ExGuoI+IKRqazXaW67svssGtxTM3bpnKe/IOY0AYT9+4XeJz2vZydwCvqSpp2J7Dq4zYa9uJAfUERIhh/SmPiUIK4nA27YZzbFxQ1tkYCc0N7y98Vd9m7LoQgkjYHdTB0INAGIx/ZnF2Zz2WIHxIM48zGo9aJ7IjmueS/ma9B4jxfE2sy20UXOpYiFOw0jWqH9zxak3MUqzc2cBAWg7EqNYnrVVf+Wxzp/9RE61aLsDjgmINsqSLo0K+8rJLAr6Tp17jWbalhsQbbq43RlbQxsZiRWXKGqDR6evT1wcT2Z9eq3AepORj4FpEx3S3kK6cMCI9lc8ht8/ZfWhcLikv20uo+jiQHBVjG4zIJeIiKky94U/54HNWX33PPNNbAqiAVbQjlacu8dcuhneGA86YL2WEfQDRTsBvAygDKRAAA5iTErrU9+3rKwGA+GV07izDMPMgjxEmoQQdNu8EQQPEHw9PTVYtImmZjtvdyXrDPJUJiFOUAlcyFMwGgbIzAx/IfCsN2mW/hUsXlaxcsXgcj23LgsgXOjSAVZcwG39K13brKty0JgZHgE6e8NgfGTPjrqKzOI4lyJZ1Krca8jKU5LnsXS1rIYAXGD798Ca2rLS6aUkaE41oWsatCeG9ml7vANwzGe1Uk2yrZkIJ+4FcaHc5i4J6DIu86epm1efg2ES1bLzccvBAACG64zeEgHzArwbjGIYXWCu0CAIY/dHjrV12rwuN4c9qycTfAezbuwLlwKruPtEEGNGn5jvpyNOKlzytkZnUbn49B28s5y25efY1+Ns37fI9m5nUQCcrCSF5vH31HrG81rP2fYTEo99rls27dzDXJDGSz22VVMbCAbnzoLsDwm7isFhb9zH21dZAF1faOvs8S7jMzXATLAegAr067i0Fm5nvWS2R9UIUar3Fj1nrXKdPEnlexg0un0qUlOL3Mpdu5YL6k7R3ggGBvpIPflIIOhFNtliczas0DvMCYUMAC0TsY8ajsWwAD1IEncnQASep2E9fKAXqM+gnJuSNiPATqPGQo6EnWvNYPQ9gnBWM0vkYrspQodpBMKhH1qc2wD/AA4Pe7R6ZYSfr5VEqjeF8CAw09YT5V0J/MqjvJI/8ZVvI1Ltt+fQg/UE4/jRaw7tOcxlUAQiFtBoQJImYgeXWvLHNa7t3xEFlsqT9nq2mRZIEBU6QCd++se5p23jiOX3Nqxp6KeX3GzTqjQSYGp7hqfkKs7XBMUwkYa6R+Bh+YprS2NOpGPLIlOlNLU0Gmua5gsbIr1CtRNw0K5qxC0yK81QrXLzUhtVgs3ucdqYok1wmp7K1xgt2HYHDl5RfeOq+JAOnqCw+VXPC+Dm1etEkkZTInZypHKOp1EHoal7E2ftWuH4FgebH+gNbqzwlbrh8xXKQYEQYObc9KaoZ0mL1HHx3j0LHA4bJbUHoANTPnXcS8aDU9KKdx8qrcZcgx1Op8BVwiDXrBIJMR113Hj4VS4nhuY8p9mT1SAfURB2q64nixbWSYJ/zSsjiONqCDm+X+eVABHFMM7WvZX7iuO4oJ8DMn6VJwNQCoI6+XSqnD8RuYi+VdsiKoYA/FrGprQ4C3qNdiNutAGPxPAPbX2S87KxcXOYSCMxOxMEHuincR4WMMxtK5a2SbqjZV9p8KjoBAHpW/8AYq102nQZhzJMGR3isn21I/e2A+Bba/7c3/tS9y/AaXSo5uM+SZnjUb1K1QraZ2yopZugUSfkKRij0k5JLLL/ALG9o/3dzbus3srkbEQjTuQ2kHr5V6S9mdVHpkWPmoIrznhHYm48Nfb2a/dWC58zsv1rbYPCexULZ90RyuWbT+UkyD4THlvVVeynLxxX6GDdVqLn4Xv38gyI3gR3tIU98LzLXDaBgnzB2iDPJl/Mf7TJroxKaAwh3/hrbPpcLx8jTXZerqZ7mV3PnBAbzGtZ7jJPDW5Rk5Yw1k+1Ny2lzKlsqbiW3ZQWck6jYgDbTbU70YRgxkH7hbbO+WUw1tgoJEFmjlADST4Gh8O3PBBVW+z5pGa48OmaY6qqwVH8UedNFuVa2wYjfKHNsXAJhGf7u4PmDWhQrSpygnxx+uf+C1eLcZOPJghj7uG7RYnDWvZ28MzB7ttgotJbXDq5uAaC2YjmEbiZqx7c9t1uYG6/DcSpa3cVLpAIcW25c9vMJgsUGbXRtNai/aJ2OuY7I9rIMctsi5YVtLllX+zXMTHtVlRBPNHhXlvCeyuJu4gWHttaIMP7QFSoGp5TrtWjWpU3JVZPgroOVRaYLP2LzsvwZsRaUi2rEyWdwOrHVmI3NGcX4ELK81u2QQcrIFIMCdNJFWHEMQiKuGw4i3bGWRvcaFB1gEiVHmfSj72ALNhsKACUBe5roqGLjyY0EZh16d8VmOtOVRPs+3oeygvg0Y60sY4xvhLnPubi3YEDNroOUwF2iQNh6nyLDlqWNY67wdG85Onq2vcBT8RaZDzqbZn4vck9Q86T1gsfKmq6jQuCOgBS4p8reYGfnNIyg08NHmtWdxCyTqB5nS4fmBFEWcOzN7O3KsRq0IuVZjM0AtO8DrHnE+G4XdcjlFtOrG3kMdyqHOv4gI7jtV5YwqWUyoPEnqx72PU07bWMpvVPZFVSslsuTM4jsXgZJNpmJkktdumSdyebU1GOzuDU6Ya36rm/8pq9xL0ETW2qcVwil3FV8yf7nMPZRPcVV/CAv5VNmqMGuTUyptvk8TJqNmpz1AxrKPaSY5zQt2ps1D32qcSmbA7pk05zpFOwthrjhUUsx6D/ADQVreFdkwIbEHMfuA6D8R6+mnnVsYuXAhUrwprMjMcO4ddvGLdtm8RsPNjoK13Duwtw63bqp35QXMeeg/OtXgrAUAKAoGwAgD0p7qSQZiNvCDI/vV6oruZ0+oVH8mwNwzs8uGBEsVeOZo8dDA5f81q74dcyyp7tPGOvyj60bw3GqwyXAATp/K3hUXE+GlOe2CQNSNyB4d4q1JJYQlOcpvVLkCOM5yD/AJ3VXccx+SD3n+1BcVu8wIMA/UdKpuKYwshBOq8v6j8vpXSJB2l4v7TRe7es7gcTbDQ0z3kEn5xR2Csl7WY9GI6dKscLZvWeewLZaSxF1ZUkiJJGo2FAAePs27g5bkMNAQWQjwnT/BV92b4ViEVfaOSBrMasNSBmn61dLcsXpfFYTmgfaWZZT3kKpD6QBsfOheOXyq2VwTOguhlVHQqTJH2jZxmUKJgdSw7qAAOH8TvYrifsgZFlQvKIiTLSe+IrQ4z9n5uXXuXcT77EwtvYdBLN0EDarjsb2ZTB25Im6+rMdWk6mT3nrV1iblQlCMuS6jXnRbcHgxydisJb94PcI++0D5LFGWMKiDLbRUHcoAH0o7EPJpltK7GEY8I5Ur1KnzSbIStdSpbOG9o6HK5UnLmUNADaEhgI0MH0qXF4JrT5W1B1VujD9D4VIqG2xUz3BbRnCzlBMCBPhrpTLQp2PWbTDSSIUEAyxICgA9ZiPnUJ7RbOx5wVVy2QWJ1bKxhmIM3CCQIJiBppzARtOp2IUsxBabqDmbL/ABABqyoO+GkDWRmAg6QPbIZrUS2UKEQSGCn7zTA1OpIkkHeamu8NKw7qqhnLW1BysHZHMPGxUJbggwJP3Qa8/CMpptrbljssLHmOtcPbEJcS1cGHuNlN1gk3HWCAGYEEwRObrWO4pbc4/HAH7YooAB0LeyQGCYJ1jfSN+lbLAcVIUZ7YuKVDB+W3d3C6EQGM5vu6DrWJ7Q8Ev4nG3ryLkRnEFiM4yooJyAzpDd3umDTU5RnbqOrf87DPTI06dapKT05Xv3T4KzC8O/douXhL/wDTtLzMzaQeUyN+kxv4VpOEcIe1mu3ivt7mS4dTKhjHsx1neY3A8AaK7Ndm7auCp9peYXSHuk82S6iMpB90FS574YbxVpicI1kFXVkH2aBgoKXCrjmkSV0yxJBleppaUZ6NfPr9hi8v3Wk4p/b8RoezeIlDaIP2QUAsQcykSp0J8p2MadQLhbYGwA9KoezSZWuZgoZwjjKIJEQdZ6N8PSZ+LTQVtW0tVKLZh1FiTwcY1X4q5ROLvZRsSSYAG7HuH1+Rqoxtlg6lszEAtyqxQE6ACBrAnU9/TamCBDfeh5pG4DqDP9tKaTQA+a5NNmuTQB4rcNMXD3G9227eSsfyFe/Yx6pcTcpZW3qbEurN8R+p5Lhuz+Lc6WGHi8IP9xBqzTsYQJv3B+G3+rEfpW4a5QOKJYwP7CrI0YoWqdQqzWFsVvDsHbsrFtQo6xufM7n1o22pJ0FQ3ryWxqZPQf26UCbF7EN/GFu391JBP4mircYEW23lh+Oxj2yIu2VA3Dn8gomirHF7bnQGDsWEBj1iaZg+zlhNSoJ7zqfnRmKwSlcu3dG4PQig4K7igRVpwPjoJFq4fwsev8prIXcwkH3hoR+RHhQjXGG9AGq7Z8HGU3bQiOZgPqwH51gr99HHcWGU/iGqn5iPWvRuzXGRfQ23P2ijr8S7T599Yjtx2Re0Wv4cEodWUfD108PqPKgAfhxUWSvUGY8dj+VFWr2XujY77xWOw3Fypg79Qfi7yDt3eoFWmH4uo0YwDsWnefGgDTcJtXC3KxTUHcRofnXpHC+HqT7dxmcDIhMaAbkdxJn5Vi+ySNfhUWSN2EkAd5Ow8q9HZQihRsAAPSgCG+1VmKu0TiHoJhNAEITWu3jUkRQ11poAkwOMa00rJHxL0by7m8a0ePe1dtAk6PGQiJzHaJ2O8z4z1rKgUTauPlyBoXMW2kgkEHLOgBnuNBwsn4U6JnzAkCWXYab5WPd47+FVOLxLAe0CEhdEB5ZduXMw3UCYEj4iSNAac+Ldj7Jn933ZmcoAOY9WjUTvoBIJJofE4kKVBd0GQuoADBVAJVrigHVwHIUawp3JC1l3NapVk6NNe4zThGPikXnCsGEG+ZmMs33j4dyjoP1JqDj1yTESEC6dCxIuMPRLYH/9Kn4O4S2qsy5Vlc6nMnKSMpb4SIghgNQaAe5mZWOxm83kedQfEJbRf9RqV5L4dBRisZOU/FPLAzaIIBzScht/dS4Sd/Vhrrqjd+r8VmzsJYXSXAKjKMknTWdSVMDWS692jIMa/Hq+5I1uAsseTmOpuV25zM6g8sm5nliYzgQp7oVTM6FT6Yr9BpCwj5LgvRARsp7oQkOQPFHYx/26212yrqVYAqwgg7EGsZbAykRpAeOggZmAH4blwf6K0XCuIj2KgyzoCjAbyhjM3RQQAZJG9anTKnzQfv8AZlFwuJFRD2L3s1l8kOhkfw20a25/06HvCnoavbGLN3+GcoG5Yc09wX9dj0nesvcMMXN1ua7cUNbGe2jyHi6YkrBC5lkLlMmNntfa22YEqwJUr1DZhI096SwbT3h0mDXYVJ208OPhb29DjiprZ7mlsH7Qi4QXjljbJpJA3BJ38hvE0DxTGFyVUwg0MaZyNxP3Rt469N4yjjmzkMy806kMwElTplOkdw6ChLpjQaAaCtcWIjpTZrhNcoAkmu0wU8UATYu5VRiXozE3KqsRdoAGvvQeKvZVJPgFHeTTbl2WihMbezXAo+Hbz1k0ACX1MjqevrVvgrJABHjTLmGypmPWn8Kxk8vyoANs4s7H9KJFzxqsvpzMPX+1K3itAfT1H9qAJsdZzcyjnX3Z0BH3W8PyqtbKwkA6yMsCVYCSu+4q4ucyhhVVxHDsftbS5mAAe3t7VR3HpcGsHrsdIIABMFjDauBoKss6EZdNoI7unrXo2Evrdtq42YfXqKwGG4iMRbHskUgaBnQSoUQbbTqrjaNPM1d9mcWbTezY8j7fytQBkv2pW7OBuWLtu2hN12L2m91gkHMse6ZIHrXr/ZW7YxWAw1wW1KPaQhWCsFMQw8wQQfEV4F+2zEM+NTWba28igfeDHOfmQJ/l8K9N/wDx8xpfhhQ/9G/cQeTBbn5u1AHpItqqwoCjuAAHyFVuKarO9tVTijNAAVw1GRUpFQ3DQBDeehafdNcUUAIURaFRIKKtLQA58OriGExqOhB7weldPD1K5RsNgxJgzmlSZIhgDGqyBympkFEWhXNKzkCnbhzWmUo/shqm+XlygIqmcpCC1a0JBIF3SW1CfHOom9aCswto0A28zOoa4Qy8hVV3OX4TqYMWvFsScz8rZUXLOVgMpAZ2zHl1GVd+jd4qusYscmhX3muZGgSILKWEAxyp6kmJBpCteRjNxlHKLo0m1lMLZU9lfuqXIw8owhGJCW0fMhJUEZWmTvqetQYi6ttS1zOoUNaflQZAFLlmIuGF+0EsJiJOgJrtvEEpcUtCtCsCtvLcGQZywZSSgQKsnow6RTr14hBdIJ3NwFLasSogA8oIJtkxJ2jvqj4to99H0J6anmNs4q1nUZWaSw1LE63fZhCqhQGJe6SvNC2m7jBvCMY7TZv2gQ662wEAWFyOi2xrkaFfm29qQToBQl+9zEZmZXOhJaAwBbLcUe7K5lMjTKppYa+xi4inPaI0QZw4WcplJClkJBnTXQ8pqyN1GLxTgRdNveTLfhfZ9bZLn3zBLTzsQgTMxGgYqNSJMsxBGY1Pb4datnMiQddSSxE6mMxMT179O4VYm5IB7+/Q+o6UFiWrSaTKMsCxL1XXWonEtQFxq6Bwmuio6kWgCRalAplsUWqUAUuIeqvEtReIaq3EtoaABbegZjQnCbWe7JojEXQqx1NEdnLMmYoAsOMYf7MVn8NyNpWs43GSPpWQvtzAzQBc4p9Vb0/5oPFWyMy94zJ3yNf6inm5mt+Wv+fOpwM6A/EkR30AM4Jiw4g/541K/I3+eVZ7BXvZYh7fQNp5MAw+hrUYlMy5qAKLtDgriq2LwZC3l5rigcl5VGudfvAdd6sOHX/a2bd2PfVXIGwJG4p+Fv5TrS4faFomyNFBL2vwMZKf6SSI7stAHnv7V0M4c5Tli6M38xYNlJ+tGfsW7QNhbtwSSjFS6/eXYkD7y7j1HWtZ2l4KuIsPaOmbVTE5HHut+nkTXlHZ262GxeS4MrK+Rge+YoA+uDcDKGUghgCCNiCJBFVmIGtD9kbk4RBM5SwH4ZzKPRWA9KKxFAAVw0HfeiL7UDdNADN6cKSiuqKAJLYotBUNtaJtigCRBRVoVBbFGWloAmVQRBAI7jqPlT2wyGCUUlfdlQcvl3bD5UrYqUVxpMAFODWQ2YqWJJbmZmGYnNOUmNz6VNicBbcywOaIzKSrR3EqRI1Oh01qeaU1FU4JYwd1Mgw+BtIEAQcghSeZlA6BjrUwQCSAATuQBr599ItUTvUkkjhy61AYl6Iu3KrsTcroAWIeg3apb7UOTQA8VNbFRIKKtLQBNaWi1WorK0Yq0AYq+1VuJadKVKgCmxt6XgeVafsxaAFKlQBPxu6NqzGITSuUqACMJd5YqQYg28jfC2hpUqAM/wAfuhcYpGzW1J9GI/KK1HCcUGWPClSoA5eTmI9amsAXFymQVMqw3U94/wA1pUqAHYbFFmNq6MtwCR924v30PXxG4+tYH9qHAypXFoNRC3Y8Pcf/ANT6UqVAHof7K+O57SqT7wC/6hsfzHqK3GJalSoAq8Q9QKtKlQA6nItKlQATbFE2xSpUAEItFWhSpUAELTqVKgDkU1jSpUARs1Q3HpUqABbtyq7EvSpUAV11qYtKlQARbFGWlpUqADbC0aq6UqVAH//Z\" data-filename=\"images.jpg\"><br></p><p>Siapakah presiden Indonesia yang pertama?</p>', '<p>Moh. Hatta</p>', '<p>Ir. Soekarno</p>', '<p>Megawati</p>', '<p>SBY</p>', '<p>Joko Widodo</p>', 'B', 1, '2021-09-04 11:43:57', 'superadmin', '2023-09-21 10:50:16', '99520210904001'),
(4, 1, 1, NULL, '<p>Yang termasuk kata kerja adalah</p>', '<p>Berangkat</p>', '<p>Senang</p>', '<p>Jahat</p>', '<p>Manis</p>', '<p>Makanan</p>', 'A', 1, '2021-09-04 13:34:14', '99520210904001', NULL, NULL),
(5, 1, 1, NULL, '<p>Tanggal 28 Oktober merupakan peringatan hari</p>', '<p>Hari Kemerdekaan</p>', '<p>Hari Pancasila</p>', '<p>Hari Batik Nasional</p>', '<p>Hari Sumpah Pemuda</p>', '<p>Hari Minggu</p>', 'D', 1, '2021-09-04 13:34:14', '99520210904001', NULL, NULL),
(6, 1, 1, NULL, '<p>Kegiatan debat yang dilakukan oleh anggota parlemen termasuk jenis debat...<br></p>', '<p>Informal<br></p>', '<p>Formal<br></p>', '<p>Terstruktur<br></p>', '<p>Ada aturannya<br></p>', '<p>Terencana<br></p>', 'B', 1, '2023-09-18 08:44:30', 'superadmin', NULL, NULL),
(7, 1, 1, NULL, '<p>Kedua belah pihak yang bersangkutan didalm negosiasi memeiliki ..... untuk menentukan kesepakatan atau hasil akhir<br></p>', '<p>Kewajiban<br></p>', '<p>Wewenang<br></p>', '<p>Tanggung jawab<br></p>', '<p>Hak yang sama<br></p>', '<p>Kekuataan bersama<br></p>', 'D', 1, '2023-09-18 08:46:29', 'superadmin', NULL, NULL),
(13, 1, 1, NULL, '<p>Salah satu bentuk perdebatan yang banyak digunakan. Pada paruh waktu pertama perdebatan, setiap tim memiliki dua segmen untuk menyajikan argumen. Hal tersebut merupakan pengertian debat...<br></p>', '<p>Antartim</p>', '<p>Publik</p>', '<p>Formal</p>', '<p>Bebas</p>', '<p>Linkon douglas</p>', 'A', 1, '2023-09-18 12:10:02', 'superadmin', NULL, NULL),
(14, 1, 1, NULL, '<p>Perhatikan kutipan teks negosiasi berikut!</p><p><b>Pengusaha</b>: <i>Langsung saja, saya keberatan atas aksi mogok yang kalian lakukan! Perusahaan bisa merugi kalau karyawan terus-terusan mogok begini!</i></p><p><b>Karyawan</b>: <i>Aksi yang kami lakukan bukan tanpa alasan, pak!</i></p><p><b>Pengusaha</b>: <i>Alasan apa?</i></p><p><b>Karyawan</b>: <i>Kami meminta kanaikan upah, pak! Hari ini harga kebutuhan pokok semakin meningkat, sementara penghasilan kami tetap!</i></p><p>Topik yang tepat untuk teks negosiasi tersebut adalah....<br></p>', '<p>Teks negosiasi antara perwakilan karyawan dan pengusaha<br></p>', '<p>Kemarahan karyawana terhadap pengusaha<br></p>', '<p>Pengusaha tidak mau bertemu dengan karyawan<br></p>', '<p>Kekeslan karyawan terhadap kenaikan upah<br></p>', '<p>Keinginan karyawan untuk berdiskusi dengan pengusaha tentang kenaikan upah<br></p>', 'E', 1, '2023-09-18 12:13:31', 'superadmin', NULL, NULL),
(15, 1, 1, NULL, '<p>Suatu wujud interaksi sosial yang berfungsi untuk mendapatakan penyelesaian bersama di antara&nbsp; &nbsp;pihak-pihak yang terlibat. Pernyataan tersebut merupakan pengertian dari....<br></p>', '<p>Eksplansi</p>', '<p>Negosiasi</p>', '<p>Deskripsi</p>', '<p>Argumentasi</p>', '<p>Narasi</p>', 'B', 1, '2023-09-18 12:16:52', 'superadmin', NULL, NULL),
(16, 1, 1, NULL, '<p>Perlu disadari bahwa adanya perbedaan pendapat lumrah dalam suatu debat. Kedua belah pihak harus menyadari tujuan mengikuti debat, yaitu....<br></p>', '<p>Mengikuti ajang bergengsi dari setiap sekolah</p>', '<p>Mematikan lawan debat dengan sempurna</p>', '<p>Menilai jalannya kegiatan debat</p>', '<p>Menyimpulkan hasil debat</p>', '<p>Menyampaikan pendapat masing-masing</p>', 'E', 1, '2023-09-18 12:18:31', 'superadmin', NULL, NULL),
(17, 1, 1, NULL, '<p>Salah satu hal yang tidak dibenarkan dalam kegiatan debat adalah....<br></p>', '<p>Menilai baik lawan debat</p>', '<p>Berdiskusi dengan lawan debat</p>', '<p>Melakukan perlawanan terhadap dewan juri</p>', '<p>Tidak menghina lawan debat</p>', '<p>Memberikankeleluasaan kaepada lawan debat</p>', 'D', 1, '2023-09-18 12:20:42', 'superadmin', NULL, NULL),
(18, 1, 1, NULL, '<p>Pada dasarnya, menulis kerangka sebuah debat tidak jauh berdeba dengan kerangka dasar jurnal atau pidato. Namun, dalam membuat kerangka debat harus....<br></p>', '<p>Rapi dan bijaksana<br></p>', '<p>Terstruktur dengan baik<br></p>', '<p>Terorganisir dan dipresentasikan<br></p>', '<p>Adanya tanya jawab dengan narasumber<br></p>', '<p>Dapat mengajukan gagasan atau sanggahan yang sesuai dengan topik<br></p>', 'B', 1, '2023-09-18 13:15:55', '99520210904001', NULL, NULL),
(19, 1, 1, NULL, '<p>Negosiasi bertujuan praktis, artinya mencapai kesepakatan yang dapat diterima oleh....<br></p>', '<p>Siapa saja</p>', '<p>Kedua belah pihak</p>', '<p>Masyarakat</p>', '<p>Khalayak</p>', '<p>Lingkungan sekitar</p>', 'B', 1, '2023-09-18 13:18:14', '99520210904001', NULL, NULL),
(20, 1, 3, NULL, '<p>Mengapa kita perlu melakukan upgrade komputer</p>', '<p>Agar selalu update program</p>', '<p>Agar komputer dapat menjalankan aplikasi-aplikasi terbaru</p>', '<p>Agar komputer kita terlihat keren</p>', '<p>Agar proses kinerja komputer lebih baik</p>', '<p>Semua benar</p>', 'D', 1, '2023-09-19 15:27:31', '99520210904001', NULL, NULL),
(21, 1, 3, NULL, '<p>Hal yang harus disiapkan sebelum merakit komputer adalah</p>', '<p>Obeng dan sarung tangan serta komponen untuk merakit komputer</p>', '<p>Tang dan baut serta komponen komputer</p>', '<p>Modem dan obeng serta monitor</p>', '<p>Router dan Switch</p>', '<p>Obeng dan sarung tangan</p>', 'A', 1, '2023-09-19 15:27:31', '99520210904001', NULL, NULL),
(22, 1, 3, NULL, '<span style=\"color: rgb(102, 102, 102); font-family: Poppins, Arial, sans-serif; font-size: 14px; font-style: normal; font-variant-ligatures: normal; font-variant-caps: normal; font-weight: 400; letter-spacing: normal; orphans: 2; text-align: left; text-indent: 0px; text-transform: none; widows: 2; word-spacing: 0px; -webkit-text-stroke-width: 0px; white-space: normal; background-color: rgb(255, 255, 255); text-decoration-thickness: initial; text-decoration-style: initial; text-decoration-color: initial; display: inline !important; float: none;\">Ketika anda bekerja dengan suatu program, tidak selamanya program tersebut bekerja dengan baik. Ada kalanya program tersebut tidak berfungsi sebagaimana mestinya, sehingga tidak dapat menerima perintah- perintah dari pemakai. Dalam keadaan ini dikatakan bahwa program itu telah membeku atau biasa kita sebut dengan istilah...</span>', '<p>Shutdown</p>', '<p>Stuck</p>', '<p>Restart</p>', '<p>Hang</p>', '<p>Stanby</p>', 'D', 1, '2023-09-19 15:27:31', '99520210904001', '2023-09-19 15:44:34', '99520210904001'),
(23, 1, 3, NULL, '<p>Bagaimana Cara Merawat Memori Pada PC</p>', '<p>Di gosok ke tembok</p>', '<p>Di sedot pakai Vakum Cleaner</p>', '<p>Digosok dengan menggunakan Penghapus</p>', '<p>Disemprot dengan Handsanitizer</p>', '<p>Direndam dengan air sabun</p>', 'C', 1, '2023-09-19 15:27:31', '99520210904001', NULL, NULL),
(24, 1, 3, NULL, '<p>Saat kita ingin memprastisi harddisk untuk install ulang sistem operasi, pastikan kita memilih yang benar untuk dibagi. Jika kita melakukan format apa yang akan terjadi</p>', '<p>Data akan hilang dan bisa kembali</p>', '<p>Harddisk rusak</p>', '<p>Data hilang dan tidak bisa kembali</p>', '<p>Masih ada tetapi tidak bisa digunakan kembali</p>', '<p>Data tidak hilang</p>', 'C', 1, '2023-09-19 15:27:31', '99520210904001', NULL, NULL),
(25, 1, 3, NULL, '<p>Apa pengertian dari perangkat input?</p>', '<p>Proses keluaran hasil komputer</p>', '<p>Alat untuk membaca kode barcode</p>', '<p>Alat untuk mencetak Berkas</p>', '<p>Perangkat masukkan (memasukkan data atau memberikan perintah)</p>', '<p>Semua jawaban benar</p>', 'D', 1, '2023-09-19 15:27:31', '99520210904001', '2023-09-19 15:43:09', '99520210904001'),
(26, 1, 3, NULL, '<p>Jenis jaringan berdasarkan media transmisi data adalah</p>', '<p>Jaringan berkabel dan nirkabel</p>', '<p>Jaringan peer dan peer</p>', '<p>Jaringan wireless dan nirkabel</p>', '<p>Jaringan client dan server</p>', '<p>Jaringan distribusi</p>', 'A', 1, '2023-09-19 15:27:31', '99520210904001', NULL, NULL),
(27, 1, 3, NULL, '<p>Semua komputer bisa bersifat sebagai server maupun client disebut jaringan</p>', '<p>PAN</p>', '<p>Server</p>', '<p>Peer to peer</p>', '<p>Client</p>', '<p>Client server</p>', 'C', 1, '2023-09-19 15:27:31', '99520210904001', NULL, NULL),
(28, 1, 3, NULL, '<p>Secara umum, komputer terdiri atas software, hardware dan brainware. apa yang dimaksud dengan hardware?</p>', '<p>Perangkat keras</p>', '<p>Perangkat tambahan</p>', '<p>Perangkat lunak</p>', '<p>Monitor</p>', '<p>Pengguna</p>', 'A', 1, '2023-09-19 15:27:31', '99520210904001', NULL, NULL),
(29, 1, 3, NULL, '<p><span style=\"color: rgb(102, 102, 102); font-family: Poppins, Arial, sans-serif; font-size: 14px; font-style: normal; font-variant-ligatures: normal; font-variant-caps: normal; font-weight: 400; letter-spacing: normal; orphans: 2; text-align: left; text-indent: 0px; text-transform: none; widows: 2; word-spacing: 0px; -webkit-text-stroke-width: 0px; white-space: normal; background-color: rgb(255, 255, 255); text-decoration-thickness: initial; text-decoration-style: initial; text-decoration-color: initial; display: inline !important; float: none;\">Terjadinya tabrakan pengiriman data pada suatu jaringan komputer dikenal dengan istilah...</span></p>', '<p>Fusion<br></p>', '<p>Explode<br></p>', '<p>Attacking<br></p>', '<p>Broken<br></p>', '<p>Collision<br></p>', 'E', 1, '2023-09-19 15:29:46', '99520210904001', NULL, NULL);

-- --------------------------------------------------------

--
-- Table structure for table `tbl_setting`
--

CREATE TABLE `tbl_setting` (
  `id` int(11) NOT NULL,
  `name` varchar(128) DEFAULT NULL,
  `name_school` varchar(128) DEFAULT NULL,
  `email` varchar(32) DEFAULT NULL,
  `phone` varchar(16) DEFAULT NULL,
  `address` varchar(255) DEFAULT NULL,
  `logo` varchar(255) DEFAULT NULL,
  `exam_rules` text
) ENGINE=InnoDB DEFAULT CHARSET=latin1;

--
-- Dumping data for table `tbl_setting`
--

INSERT INTO `tbl_setting` (`id`, `name`, `name_school`, `email`, `phone`, `address`, `logo`, `exam_rules`) VALUES
(1, 'Bahri Exam', 'SMK YPP Pandeglang', 'smkypppdg@gmail.com', '(0253) 202664', 'Jl. Raya Cipanas No. 33 Ciputri, Kaduhejo, Pandeglang - Banten 42253', 'logo-20210716165650.png', '<p>Ini adalah peraturan ujian bagi siswa</p>');

-- --------------------------------------------------------

--
-- Table structure for table `tbl_student`
--

CREATE TABLE `tbl_student` (
  `id` int(11) NOT NULL,
  `name` varchar(128) DEFAULT NULL,
  `nis` varchar(16) DEFAULT NULL,
  `gender` enum('L','P') DEFAULT NULL,
  `email` varchar(64) DEFAULT NULL,
  `phone` varchar(16) DEFAULT NULL,
  `id_classroom` int(11) DEFAULT NULL,
  `id_major` int(11) DEFAULT NULL,
  `is_user` int(11) DEFAULT NULL,
  `created_at` datetime DEFAULT NULL,
  `created_by` varchar(32) DEFAULT NULL
) ENGINE=InnoDB DEFAULT CHARSET=latin1;

--
-- Dumping data for table `tbl_student`
--

INSERT INTO `tbl_student` (`id`, `name`, `nis`, `gender`, `email`, `phone`, `id_classroom`, `id_major`, `is_user`, `created_at`, `created_by`) VALUES
(1, 'Ahmad Fauzan', '2122995001', 'L', 'fauzan@gmail.com', '083823417709', 1, 1, 1, '2021-09-04 11:16:52', 'superadmin'),
(2, 'Nuryaman', '2122995002', 'P', 'nuryaman@gmail.com', '083865443120', 3, 3, 1, '2021-09-04 12:07:16', 'superadmin'),
(3, 'Ahmad Royani', '2122995003', 'L', 'royani@gmail.com', '083811764509', 2, 2, 1, '2023-10-09 21:02:22', 'superadmin');

-- --------------------------------------------------------

--
-- Table structure for table `tbl_teacher`
--

CREATE TABLE `tbl_teacher` (
  `id` int(11) NOT NULL,
  `name` varchar(32) DEFAULT NULL,
  `nip` varchar(16) DEFAULT NULL,
  `email` varchar(64) DEFAULT NULL,
  `phone` varchar(16) DEFAULT NULL,
  `is_user` int(11) DEFAULT NULL,
  `created_at` datetime DEFAULT NULL,
  `created_by` varchar(32) DEFAULT NULL
) ENGINE=InnoDB DEFAULT CHARSET=latin1;

--
-- Dumping data for table `tbl_teacher`
--

INSERT INTO `tbl_teacher` (`id`, `name`, `nip`, `email`, `phone`, `is_user`, `created_at`, `created_by`) VALUES
(1, 'Resmani Hidayat, S.Pd', '99520210904001', 'resmani@gmail.com', '081298996537', 1, '2021-09-04 11:03:46', 'superadmin'),
(2, 'Wiwin Wantini, S.Pd', '99520210904003', 'wiwin@gmail.com', '081276561290', NULL, '2021-09-04 11:12:29', 'superadmin'),
(3, 'Ribut Topo Wibowo, S.OR', '99520210904002', 'ribut@gmail.com', '081254219811', NULL, '2021-09-04 11:12:29', 'superadmin');

-- --------------------------------------------------------

--
-- Table structure for table `tbl_user`
--

CREATE TABLE `tbl_user` (
  `id_user` int(11) NOT NULL,
  `name` varchar(100) NOT NULL,
  `gender` char(1) DEFAULT NULL,
  `email` varchar(100) NOT NULL,
  `username` varchar(100) NOT NULL,
  `password` varchar(255) NOT NULL,
  `phone` varchar(12) NOT NULL,
  `photo` varchar(255) NOT NULL,
  `usertype_id` int(11) NOT NULL,
  `is_active` int(11) NOT NULL,
  `last_login` datetime NOT NULL,
  `forgot_password_code` varchar(255) DEFAULT NULL
) ENGINE=InnoDB DEFAULT CHARSET=utf8mb4;

--
-- Dumping data for table `tbl_user`
--

INSERT INTO `tbl_user` (`id_user`, `name`, `gender`, `email`, `username`, `password`, `phone`, `photo`, `usertype_id`, `is_active`, `last_login`, `forgot_password_code`) VALUES
(3, 'Super Admin', 'L', 'super@admin.com', 'superadmin', '$2y$10$51m/CypXcEyJiEwYTgjspuZ5Tr5jYMh1hlQG5K4KcDkgYO/e/BAJe', '085313522034', 'superadmin-20210716155049.jpg', 1, 1, '2023-10-09 21:08:08', NULL),
(4, 'Administrator', 'L', 'bahri@sgo.co.id', 'admin', '$2y$10$6Yz2/DhMXmGcNPtH8u4iFOYgTMwRPv1r3XijMb4woyCCfMjvyUwH2', '087778889987', '', 2, 1, '2021-09-30 09:59:48', NULL),
(18, 'Resmani Hidayat, S.Pd', 'L', 'resmani@gmail.com', '99520210904001', '$2y$10$Y0FQtERi3xPpx4qTJt0HqOovmIZuGGcDNNbbsGtxC9QDTIZQdW1f2', '081298996537', '', 3, 1, '2023-10-09 21:30:31', NULL),
(19, 'Ahmad Fauzan', 'L', 'fauzan@gmail.com', '2122995001', '$2y$10$ddKXqqAJCOMNKMS/Nc97.uWsTKw29EfQr9zYhB03WXl3UZyidScWy', '083823417709', '', 4, 1, '2023-10-09 21:08:52', NULL),
(20, 'Ahmad Royani', 'L', 'royani@gmail.com', '2122995003', '$2y$10$i/t5V9wfoOhy6yTd/FaFxeZwjgH7oeJd.zqDW.ioJm9VNUGBQXvxi', '083811764509', '', 4, 1, '2023-10-09 21:21:14', NULL),
(22, 'Nuryaman', 'L', 'nuryaman@gmail.com', '2122995002', '$2y$10$QXkL5yZtezXtCxIs6gBRLekAyt.7UtaGncVkI8o3kExXgYwj4sevW', '083865443120', '', 4, 1, '2023-10-09 21:09:37', NULL);

-- --------------------------------------------------------

--
-- Table structure for table `tbl_usertype`
--

CREATE TABLE `tbl_usertype` (
  `id_usertype` int(11) NOT NULL,
  `usertype_name` varchar(50) NOT NULL
) ENGINE=InnoDB DEFAULT CHARSET=utf8mb4;

--
-- Dumping data for table `tbl_usertype`
--

INSERT INTO `tbl_usertype` (`id_usertype`, `usertype_name`) VALUES
(1, 'Superadmin'),
(2, 'Administrator'),
(3, 'Guru'),
(4, 'Siswa'),
(5, 'User');

--
-- Indexes for dumped tables
--

--
-- Indexes for table `ci_sessions`
--
ALTER TABLE `ci_sessions`
  ADD KEY `ci_sessions_timestamp` (`timestamp`);

--
-- Indexes for table `tbl_classroom`
--
ALTER TABLE `tbl_classroom`
  ADD PRIMARY KEY (`id`),
  ADD KEY `id_major` (`id_major`);

--
-- Indexes for table `tbl_class_teacher`
--
ALTER TABLE `tbl_class_teacher`
  ADD PRIMARY KEY (`id`),
  ADD KEY `id_classroom` (`id_classroom`),
  ADD KEY `id_teacher` (`id_teacher`);

--
-- Indexes for table `tbl_exam`
--
ALTER TABLE `tbl_exam`
  ADD PRIMARY KEY (`id`),
  ADD KEY `id_lesson` (`id_lesson`),
  ADD KEY `id_teacher` (`id_teacher`);

--
-- Indexes for table `tbl_exam_result`
--
ALTER TABLE `tbl_exam_result`
  ADD PRIMARY KEY (`id`),
  ADD KEY `id_exam` (`id_exam`),
  ADD KEY `id_student` (`id_student`);

--
-- Indexes for table `tbl_lesson`
--
ALTER TABLE `tbl_lesson`
  ADD PRIMARY KEY (`id`);

--
-- Indexes for table `tbl_lesson_teacher`
--
ALTER TABLE `tbl_lesson_teacher`
  ADD PRIMARY KEY (`id`),
  ADD KEY `id_lesson` (`id_lesson`),
  ADD KEY `id_teacher` (`id_teacher`);

--
-- Indexes for table `tbl_major`
--
ALTER TABLE `tbl_major`
  ADD PRIMARY KEY (`id`);

--
-- Indexes for table `tbl_major_lesson`
--
ALTER TABLE `tbl_major_lesson`
  ADD PRIMARY KEY (`id`),
  ADD KEY `id_lesson` (`id_lesson`),
  ADD KEY `id_major` (`id_major`);

--
-- Indexes for table `tbl_notification`
--
ALTER TABLE `tbl_notification`
  ADD PRIMARY KEY (`id`);

--
-- Indexes for table `tbl_question`
--
ALTER TABLE `tbl_question`
  ADD PRIMARY KEY (`id`),
  ADD KEY `id_lesson` (`id_lesson`),
  ADD KEY `id_teacher` (`id_teacher`);

--
-- Indexes for table `tbl_setting`
--
ALTER TABLE `tbl_setting`
  ADD PRIMARY KEY (`id`);

--
-- Indexes for table `tbl_student`
--
ALTER TABLE `tbl_student`
  ADD PRIMARY KEY (`id`),
  ADD KEY `id_classroom` (`id_classroom`),
  ADD KEY `tbl_student_ibfk_2` (`id_major`);

--
-- Indexes for table `tbl_teacher`
--
ALTER TABLE `tbl_teacher`
  ADD PRIMARY KEY (`id`);

--
-- Indexes for table `tbl_user`
--
ALTER TABLE `tbl_user`
  ADD PRIMARY KEY (`id_user`),
  ADD KEY `id_usertype` (`usertype_id`);

--
-- Indexes for table `tbl_usertype`
--
ALTER TABLE `tbl_usertype`
  ADD PRIMARY KEY (`id_usertype`);

--
-- AUTO_INCREMENT for dumped tables
--

--
-- AUTO_INCREMENT for table `tbl_classroom`
--
ALTER TABLE `tbl_classroom`
  MODIFY `id` int(11) NOT NULL AUTO_INCREMENT, AUTO_INCREMENT=5;

--
-- AUTO_INCREMENT for table `tbl_class_teacher`
--
ALTER TABLE `tbl_class_teacher`
  MODIFY `id` int(11) NOT NULL AUTO_INCREMENT, AUTO_INCREMENT=15;

--
-- AUTO_INCREMENT for table `tbl_exam`
--
ALTER TABLE `tbl_exam`
  MODIFY `id` int(11) NOT NULL AUTO_INCREMENT, AUTO_INCREMENT=13;

--
-- AUTO_INCREMENT for table `tbl_exam_result`
--
ALTER TABLE `tbl_exam_result`
  MODIFY `id` int(11) NOT NULL AUTO_INCREMENT, AUTO_INCREMENT=12;

--
-- AUTO_INCREMENT for table `tbl_lesson`
--
ALTER TABLE `tbl_lesson`
  MODIFY `id` int(11) NOT NULL AUTO_INCREMENT, AUTO_INCREMENT=8;

--
-- AUTO_INCREMENT for table `tbl_lesson_teacher`
--
ALTER TABLE `tbl_lesson_teacher`
  MODIFY `id` int(11) NOT NULL AUTO_INCREMENT, AUTO_INCREMENT=13;

--
-- AUTO_INCREMENT for table `tbl_major`
--
ALTER TABLE `tbl_major`
  MODIFY `id` int(11) NOT NULL AUTO_INCREMENT, AUTO_INCREMENT=5;

--
-- AUTO_INCREMENT for table `tbl_major_lesson`
--
ALTER TABLE `tbl_major_lesson`
  MODIFY `id` int(11) NOT NULL AUTO_INCREMENT, AUTO_INCREMENT=15;

--
-- AUTO_INCREMENT for table `tbl_notification`
--
ALTER TABLE `tbl_notification`
  MODIFY `id` int(11) NOT NULL AUTO_INCREMENT;

--
-- AUTO_INCREMENT for table `tbl_question`
--
ALTER TABLE `tbl_question`
  MODIFY `id` int(11) NOT NULL AUTO_INCREMENT, AUTO_INCREMENT=30;

--
-- AUTO_INCREMENT for table `tbl_setting`
--
ALTER TABLE `tbl_setting`
  MODIFY `id` int(11) NOT NULL AUTO_INCREMENT, AUTO_INCREMENT=2;

--
-- AUTO_INCREMENT for table `tbl_student`
--
ALTER TABLE `tbl_student`
  MODIFY `id` int(11) NOT NULL AUTO_INCREMENT, AUTO_INCREMENT=4;

--
-- AUTO_INCREMENT for table `tbl_teacher`
--
ALTER TABLE `tbl_teacher`
  MODIFY `id` int(11) NOT NULL AUTO_INCREMENT, AUTO_INCREMENT=4;

--
-- AUTO_INCREMENT for table `tbl_user`
--
ALTER TABLE `tbl_user`
  MODIFY `id_user` int(11) NOT NULL AUTO_INCREMENT, AUTO_INCREMENT=23;

--
-- AUTO_INCREMENT for table `tbl_usertype`
--
ALTER TABLE `tbl_usertype`
  MODIFY `id_usertype` int(11) NOT NULL AUTO_INCREMENT, AUTO_INCREMENT=6;

--
-- Constraints for dumped tables
--

--
-- Constraints for table `tbl_classroom`
--
ALTER TABLE `tbl_classroom`
  ADD CONSTRAINT `tbl_classroom_ibfk_1` FOREIGN KEY (`id_major`) REFERENCES `tbl_major` (`id`);

--
-- Constraints for table `tbl_class_teacher`
--
ALTER TABLE `tbl_class_teacher`
  ADD CONSTRAINT `tbl_class_teacher_ibfk_1` FOREIGN KEY (`id_classroom`) REFERENCES `tbl_classroom` (`id`),
  ADD CONSTRAINT `tbl_class_teacher_ibfk_2` FOREIGN KEY (`id_teacher`) REFERENCES `tbl_teacher` (`id`);

--
-- Constraints for table `tbl_exam`
--
ALTER TABLE `tbl_exam`
  ADD CONSTRAINT `tbl_exam_ibfk_1` FOREIGN KEY (`id_lesson`) REFERENCES `tbl_lesson` (`id`),
  ADD CONSTRAINT `tbl_exam_ibfk_2` FOREIGN KEY (`id_teacher`) REFERENCES `tbl_teacher` (`id`);

--
-- Constraints for table `tbl_exam_result`
--
ALTER TABLE `tbl_exam_result`
  ADD CONSTRAINT `tbl_exam_result_ibfk_1` FOREIGN KEY (`id_exam`) REFERENCES `tbl_exam` (`id`),
  ADD CONSTRAINT `tbl_exam_result_ibfk_2` FOREIGN KEY (`id_student`) REFERENCES `tbl_student` (`id`);

--
-- Constraints for table `tbl_lesson_teacher`
--
ALTER TABLE `tbl_lesson_teacher`
  ADD CONSTRAINT `tbl_lesson_teacher_ibfk_1` FOREIGN KEY (`id_lesson`) REFERENCES `tbl_lesson` (`id`),
  ADD CONSTRAINT `tbl_lesson_teacher_ibfk_2` FOREIGN KEY (`id_teacher`) REFERENCES `tbl_teacher` (`id`);

--
-- Constraints for table `tbl_major_lesson`
--
ALTER TABLE `tbl_major_lesson`
  ADD CONSTRAINT `tbl_major_lesson_ibfk_1` FOREIGN KEY (`id_lesson`) REFERENCES `tbl_lesson` (`id`),
  ADD CONSTRAINT `tbl_major_lesson_ibfk_2` FOREIGN KEY (`id_major`) REFERENCES `tbl_major` (`id`);

--
-- Constraints for table `tbl_question`
--
ALTER TABLE `tbl_question`
  ADD CONSTRAINT `tbl_question_ibfk_1` FOREIGN KEY (`id_lesson`) REFERENCES `tbl_lesson` (`id`),
  ADD CONSTRAINT `tbl_question_ibfk_2` FOREIGN KEY (`id_teacher`) REFERENCES `tbl_teacher` (`id`);

--
-- Constraints for table `tbl_student`
--
ALTER TABLE `tbl_student`
  ADD CONSTRAINT `tbl_student_ibfk_1` FOREIGN KEY (`id_classroom`) REFERENCES `tbl_classroom` (`id`),
  ADD CONSTRAINT `tbl_student_ibfk_2` FOREIGN KEY (`id_major`) REFERENCES `tbl_major` (`id`);

--
-- Constraints for table `tbl_user`
--
ALTER TABLE `tbl_user`
  ADD CONSTRAINT `tbl_user_ibfk_1` FOREIGN KEY (`usertype_id`) REFERENCES `tbl_usertype` (`id_usertype`);
COMMIT;

/*!40101 SET CHARACTER_SET_CLIENT=@OLD_CHARACTER_SET_CLIENT */;
/*!40101 SET CHARACTER_SET_RESULTS=@OLD_CHARACTER_SET_RESULTS */;
/*!40101 SET COLLATION_CONNECTION=@OLD_COLLATION_CONNECTION */;
